optimizer,emb_dim,hidden,lr,dropout,weight_decay,batch_size,accuracy,balanced_acc,f1_macro,min_recall,qwk,auc,phase
adam,8,"(128, 64)",0.005,0.4,0.001,256,0.8049440847557386,0.8350527918306797,0.7648637752197719,0.7334675100632547,0.6996737257257434,0.9445531826000786,search3
adam,2,"(256, 128)",0.005,0.4,0.001,512,0.8140082401412596,0.8340208622806374,0.7730199789579867,0.7479873490511788,0.7167608288425042,0.9480944833851886,search3
adam,2,"(64, 32)",0.005,0.2,0.001,256,0.8123602118893467,0.8333899370888247,0.772218360492384,0.7349051178838413,0.7170846742891801,0.9470803476513932,search3
adam,8,"(128, 64)",0.005,0.4,0.0001,256,0.8167157151265451,0.8333043959440363,0.7755179659964733,0.7570442783208741,0.7155364257931964,0.9477123262500244,search3
adam,2,"(256, 128)",0.005,0.3,0.001,256,0.8151265450264862,0.8330523861780711,0.7712662116406674,0.7406555491661875,0.7078305124906682,0.9510000647099334,search3
adam,2,"(256, 128)",0.005,0.4,0.001,256,0.8113596233078282,0.8327706997654717,0.7692241735946818,0.7238355376653249,0.7019991251138828,0.9475872284059772,search3
adam,2,"(128, 64)",0.005,0.3,0.001,512,0.8160094173042967,0.8327194326053625,0.7741411059170148,0.7137722829212191,0.7214192512367772,0.9473740333352714,search3
adam,2,"(256, 128)",0.005,0.4,0.0001,256,0.8264273101824603,0.8315397965026636,0.7861719604316174,0.749568717653824,0.7376451733690129,0.949357554522718,search3
adam,8,"(256, 128)",0.005,0.4,0.001,256,0.8145968216597999,0.8311445380965335,0.7769299716194592,0.7684013801035078,0.7134967393870943,0.9475119699024092,search3
adam,8,"(128, 64)",0.005,0.3,0.001,512,0.8110064743967039,0.8297248851583419,0.7694738569177016,0.7517251293847038,0.7081671949684101,0.9459099411439377,search3
adam,4,"(64, 32)",0.005,0.2,0.001,256,0.8179517363154797,0.8291206713500227,0.7767226620587003,0.7430994824611846,0.7205940527711239,0.947864431153557,search3
adam,4,"(64, 32)",0.002,0.3,0.001,256,0.8070041200706298,0.8288239111962555,0.7646355057768593,0.7361989649223691,0.7010492126356468,0.9433263710594689,search3
adam,2,"(256, 128)",0.002,0.4,0.001,256,0.8191288993525603,0.8278384029449741,0.7776545758299492,0.7625071880391029,0.7234493474058509,0.9480162428471384,search3
adam,2,"(256, 128)",0.005,0.2,0.001,256,0.8124190700412007,0.8277356940683543,0.7704022976807646,0.7481311098332375,0.7113687710349907,0.9462888874393737,search3
adamw,2,"(64, 32)",0.005,0.2,0.001,256,0.8098881695114774,0.8277220502624848,0.7697317368922371,0.7488499137435307,0.7079764998149463,0.9460872279164513,search3
adam,2,"(64, 32)",0.005,0.3,0.0001,256,0.8005885815185403,0.8274809161013491,0.7594903963729811,0.7219666474985624,0.6982974917466914,0.9430008985777935,search3
adam,2,"(64, 32)",0.005,0.3,0.001,256,0.803766921718658,0.8272872452254156,0.7647425573527493,0.7403680276020701,0.7025724877303998,0.9436494463390096,search3
adam,4,"(256, 128)",0.005,0.4,0.001,256,0.8148322542672161,0.8271298030365019,0.7730592804547866,0.7208165612420931,0.7153152824391933,0.9459185925027459,search3
adam,2,"(64, 32)",0.002,0.2,0.001,256,0.8104767510300177,0.826728487303686,0.769335037213757,0.7350488786659,0.7125908629932309,0.9453401509929885,search3
adam,4,"(64, 32)",0.005,0.2,0.001,512,0.8137728075338434,0.8266114303574777,0.7713191978702986,0.7386428982173663,0.7174427402784913,0.9464404492436128,search3
adam,4,"(128, 64)",0.005,0.3,0.001,256,0.7980576809888169,0.8265768827364278,0.7513234016974978,0.6785508913168488,0.6964525925758871,0.9456680049194729,search3
adam,2,"(64, 32)",0.002,0.3,0.001,256,0.8045320776927605,0.8265049527367987,0.7646391856389686,0.7192351926394479,0.7033262275681287,0.9442276944813224,search3
adam,2,"(64, 32)",0.002,0.3,0.0001,256,0.8043555032371984,0.8264819674188733,0.7660199863047369,0.7326049453709028,0.7066421859344112,0.9432569077314413,search3
adam,8,"(64, 32)",0.005,0.3,0.001,256,0.8063566804002354,0.8263234003566732,0.7641126552611844,0.7111845888441634,0.7039866152903499,0.9449721174657886,search3
adam,8,"(256, 128)",0.005,0.3,0.001,256,0.8229546792230724,0.8262939860935603,0.7802438270634294,0.7665324899367453,0.7247641223098746,0.9488531291876972,search3
adam,4,"(64, 32)",0.005,0.3,0.001,256,0.8076515597410241,0.8260388528384087,0.7672997842809169,0.7367740080506038,0.7079117571877658,0.9440389182284585,search3
adamw,2,"(64, 32)",0.002,0.2,0.001,256,0.8135373749264273,0.8259345081816778,0.7725954635963448,0.7419493962047153,0.7166929845289585,0.9453466954498251,search3
adam,2,"(128, 64)",0.005,0.4,0.001,512,0.811124190700412,0.8259189561943954,0.7700751016942459,0.6999712478435882,0.7171190611047298,0.9462636371591712,search3
adam,4,"(128, 64)",0.005,0.4,0.001,512,0.8095938787522072,0.8258005107563111,0.7683246253108904,0.6969522714203565,0.7191993771420968,0.9434644376426236,search3
adam,4,"(128, 64)",0.005,0.4,0.0001,256,0.8116539140670983,0.8253144310114896,0.7704821133341371,0.7050028752156412,0.7155447450754311,0.9449829650295892,search3
adam,2,"(64, 32)",0.001,0.2,0.001,256,0.8144202472042378,0.8251646417210189,0.7729105705959456,0.7433870040253019,0.7173006814069153,0.9455061873637486,search3
adam,4,"(256, 128)",0.002,0.4,0.001,256,0.822130665097116,0.8251427988418033,0.7805000187503272,0.7655261644623347,0.7247987879751931,0.9469225815165693,search3
adam,4,"(64, 32)",0.005,0.4,0.0001,256,0.7986462625073573,0.8248944573676288,0.7552319642211692,0.6978148361127084,0.6968442877597679,0.9402050053760908,search3
adam,8,"(128, 64)",0.002,0.3,0.001,256,0.8127722189523249,0.8247994315800247,0.7719980863324848,0.7701265094882116,0.7119389729430092,0.9461749498976046,search3
adamw,2,"(64, 32)",0.005,0.3,0.0001,256,0.7997057092407298,0.8247953226431052,0.758522960722889,0.7083093732029903,0.7016989799694392,0.9416777258480694,search3
adam,4,"(64, 32)",0.005,0.3,0.0001,256,0.8103001765744555,0.8247299295885752,0.7695219574337878,0.7367740080506038,0.7146225657494838,0.942874823739395,search3
adam,2,"(64, 32)",0.002,0.2,0.001,512,0.8108298999411419,0.8247237303661986,0.7699959022810617,0.7456871765382403,0.7137991390925559,0.9442250322559446,search3
adam,8,"(128, 64)",0.002,0.4,0.001,256,0.8145379635079458,0.8246972876788005,0.7730485875295541,0.7403680276020701,0.712892599580891,0.9455717723859678,search3
adamw,4,"(64, 32)",0.002,0.3,0.0001,256,0.8068864037669217,0.8246397220791147,0.7670856413394432,0.7399367452558941,0.7025535190605198,0.9424029205646365,search3
adam,8,"(128, 64)",0.005,0.2,0.001,256,0.8188934667451442,0.824630404445057,0.7764793990111202,0.7569005175388154,0.7242343235092524,0.9478242211514987,search3
adam,4,"(256, 128)",0.005,0.3,0.001,256,0.8131842260153032,0.8246221463628647,0.7695468513908809,0.7331799884991375,0.7086464717334335,0.9467239463591307,search3
adam,8,"(64, 32)",0.005,0.3,0.001,512,0.8118893466745144,0.8246064612626034,0.7700614358670176,0.7351926394479587,0.7134090988942092,0.9435263010267135,search3
adam,2,"(128, 64)",0.005,0.3,0.001,256,0.818481459682166,0.8245167182762702,0.7760042989616398,0.7476998274870615,0.7149492487092505,0.9474138371469639,search3
adam,4,"(64, 32)",0.002,0.2,0.001,256,0.8161271336080047,0.8244075138979734,0.7742885240091827,0.7567567567567568,0.7203297336305999,0.9447828493151754,search3
adam,2,"(64, 32)",0.002,0.2,0.0001,256,0.8105944673337258,0.8241329757895667,0.7700842848003496,0.7356239217941346,0.7139322123886118,0.9448045374581912,search3
adam,4,"(64, 32)",0.002,0.4,0.001,256,0.7948204826368452,0.8239500963965494,0.7527281561458282,0.7180851063829787,0.6821474756059742,0.9382565169072926,search3
adamw,2,"(64, 32)",0.005,0.2,0.0001,512,0.8103001765744555,0.8238522133457163,0.7697582782979788,0.7430994824611846,0.7100447265308085,0.9464135582948332,search3
adam,8,"(256, 128)",0.002,0.4,0.001,256,0.8215420835785756,0.8235827822471106,0.7808662984905604,0.7730017251293847,0.7220017151885738,0.9469484045719896,search3
adam,4,"(64, 32)",0.005,0.2,0.0001,512,0.8107710417892878,0.823571924207705,0.770688100041954,0.7363427257044278,0.7104598658359089,0.9436172268486446,search3
adam,4,"(64, 32)",0.005,0.4,0.001,256,0.7871689228958211,0.823520329342654,0.7423716947373896,0.6820011500862565,0.6767286611494048,0.9375513860426311,search3
adam,2,"(64, 32)",0.005,0.4,0.0001,256,0.7915832842848735,0.823439362892981,0.7508332608956837,0.7242668200115009,0.6882806559844893,0.9395545675341183,search3
adam,4,"(128, 64)",0.002,0.4,0.001,256,0.8153619776339023,0.8233525300033785,0.7749269421804977,0.7330362277170788,0.7199789077798435,0.9460908729735594,search3
adamw,2,"(64, 32)",0.002,0.2,0.0001,256,0.811124190700412,0.8231996398666509,0.7699795888452559,0.7323174238067856,0.7130889633704295,0.9450959654660295,search3
adamw,4,"(64, 32)",0.005,0.3,0.001,256,0.8071218363743379,0.8231407272185113,0.7650147016788148,0.7364864864864865,0.7062530063521122,0.9426359446097695,search3
adam,2,"(64, 32)",0.005,0.3,0.001,512,0.7988816951147734,0.8231182566498473,0.7567800446658914,0.6927832087406556,0.7028231604058528,0.9410990934277482,search3
adamw,2,"(256, 128)",0.005,0.4,0.001,256,0.8177751618599176,0.8229525349708805,0.7782058730487001,0.7593444508338125,0.7266235686126925,0.947654894348159,search3
adamw,2,"(128, 64)",0.005,0.4,0.001,512,0.8097115950559153,0.8229163025786543,0.7677096769028734,0.734186313973548,0.7092097905465634,0.9449782133083834,search3
adam,2,"(64, 32)",0.005,0.2,0.001,512,0.8043555032371984,0.8228859819122164,0.7629850080192148,0.7180851063829787,0.7099441503960839,0.9457395059891488,search3
adam,4,"(256, 128)",0.005,0.3,0.001,512,0.8123013537374927,0.8228456003747175,0.7715846697715233,0.7580506037952847,0.7124653212056699,0.9447316720498882,search3
adamw,2,"(64, 32)",0.005,0.3,0.001,256,0.794643908181283,0.8227748969357117,0.7514963943400361,0.6978148361127084,0.6983547699834294,0.9418827960531518,search3
adam,2,"(128, 64)",0.005,0.4,0.001,256,0.8131253678634491,0.8227123072130696,0.774053917164142,0.7498562392179413,0.7140049116955703,0.9443894786609855,search3
adamw,8,"(64, 32)",0.005,0.3,0.0001,256,0.8088287227781048,0.8227058117113929,0.7699755067597764,0.746262219666475,0.7096785253450402,0.9430050691261287,search3
adam,8,"(128, 64)",0.005,0.4,0.001,512,0.7991759858740436,0.8226053311734844,0.7574034900589569,0.7373490511788384,0.6868236447289258,0.9430989420665301,search3
adam,2,"(64, 32)",0.005,0.2,0.0001,256,0.8039434961742201,0.822591177695859,0.7615230549917128,0.7354801610120759,0.6989060429730056,0.9445756754705955,search3
adam,2,"(64, 32)",0.005,0.2,0.0001,512,0.8125956444967628,0.8224303333038822,0.7711065194819581,0.7510063254744106,0.7122643251336391,0.945295787722095,search3
adam,4,"(128, 64)",0.005,0.4,0.0001,512,0.8085344320188346,0.8223904414025774,0.7690179036495794,0.7265669925244393,0.7127989772622945,0.9427218735691932,search3
adam,4,"(128, 64)",0.002,0.4,0.001,512,0.7998822836962919,0.822242839007396,0.7637487602907421,0.7592006900517538,0.698307291386381,0.9409910091960055,search3
adamw,2,"(64, 32)",0.002,0.3,0.001,256,0.8002942907592702,0.8221424150081961,0.7623773232094083,0.7353364002300172,0.7008269392665949,0.9411365208251667,search3
adamw,2,"(64, 32)",0.005,0.2,0.001,512,0.8125367863449088,0.822097516549359,0.7701272211549445,0.7432432432432432,0.7175066154582215,0.9457968165671251,search3
adam,4,"(64, 32)",0.005,0.3,0.0001,512,0.8069452619187758,0.821846981867321,0.7665595188524321,0.7379240943070731,0.7093112247965107,0.9410558284161822,search3
adamw,2,"(64, 32)",0.005,0.4,0.0001,256,0.792760447321954,0.8217486694242089,0.7523025417126169,0.7133410005750431,0.6948292857681762,0.9396224336151882,search3
adam,2,"(64, 32)",0.005,0.4,0.001,256,0.7879929370217775,0.8217249383991421,0.7471789093631007,0.7057216791259344,0.6791641944717572,0.9374080506509447,search3
adam,2,"(64, 32)",0.002,0.4,0.001,256,0.7934667451442025,0.8214130493377976,0.7528338657961625,0.7090281771132835,0.6912637385779803,0.9377106006135345,search3
adamw,2,"(64, 32)",0.005,0.3,0.0001,512,0.8020011771630371,0.8211991864580458,0.7615245760902356,0.730879815986199,0.6997696277981496,0.942449432058074,search3
adamw,4,"(64, 32)",0.001,0.3,0.001,256,0.8007062978222483,0.8211736262959741,0.761716800389611,0.7386428982173663,0.6971160469017155,0.9388721881267443,search3
adamw,2,"(64, 32)",0.002,0.3,0.0001,256,0.8014125956444967,0.8211448372521719,0.7592330846097634,0.7186601495112134,0.7038104909156235,0.942313925426343,search3
adamw,2,"(64, 32)",0.002,0.3,0.001,512,0.7992348440258976,0.8211409856212682,0.7591202949091054,0.7452558941920644,0.6986900412272422,0.9394967144968648,search3
adam,4,"(64, 32)",0.001,0.3,0.001,256,0.8043555032371984,0.821124519683018,0.7644723980996576,0.7395054629097182,0.7038754871690016,0.9424583613901953,search3
adam,2,"(64, 32)",0.002,0.2,0.0001,512,0.8127722189523249,0.8209904732665859,0.7733737493396471,0.7639447958596894,0.7173597618323613,0.9440612364880661,search3
adam,8,"(64, 32)",0.002,0.3,0.001,256,0.81124190700412,0.8208829951028878,0.7716761862783102,0.7492811960897068,0.7110974052189151,0.9430667099039565,search3
adam,2,"(64, 32)",0.005,0.3,0.0001,512,0.8033549146556798,0.820816527401206,0.7645838710458266,0.7364864864864865,0.7026039076125654,0.9423824931387096,search3
adam,4,"(64, 32)",0.005,0.3,0.001,512,0.7972925250147146,0.820733197029705,0.756555441456241,0.7301610120759057,0.6865242825655524,0.9405580216132643,search3
adam,8,"(128, 64)",0.002,0.4,0.001,512,0.7994702766333137,0.8205334273836636,0.7589701632503777,0.7327487061529615,0.6969004685016535,0.9393550059464347,search3
adam,4,"(256, 128)",0.005,0.2,0.001,256,0.8232489699823425,0.8205009524826469,0.7774477459185416,0.7571880391029328,0.7225218257000354,0.9479100234199974,search3
adam,4,"(128, 64)",0.005,0.3,0.001,512,0.8119482048263684,0.8200862528573448,0.766746707066042,0.7137722829212191,0.7163636466528884,0.9455988585681855,search3
adam,4,"(128, 64)",0.005,0.2,0.001,256,0.8005885815185403,0.8200710347503485,0.7551108918451663,0.7041403105232893,0.7015027555462464,0.9430956404981522,search3
adam,2,"(64, 32)",0.002,0.3,0.001,512,0.8010594467333726,0.8199840134441277,0.7630671983753997,0.7478435882691202,0.7028356707302397,0.9413914450481288,search3
adam,4,"(128, 64)",0.002,0.4,0.0001,256,0.8120659211300765,0.8199082093078952,0.7708121780556368,0.742093156986774,0.714667847085213,0.9445420440112878,search3
adamw,8,"(128, 64)",0.005,0.4,0.0001,256,0.8071806945261919,0.8198446566432199,0.7681983289024448,0.7646635997699828,0.7039804512252521,0.9447051477568245,search3
adam,8,"(128, 64)",0.005,0.4,0.0001,512,0.7973513831665686,0.8197129314701247,0.7564839573906098,0.7423806785508913,0.6907370766066057,0.9414719065962575,search3
adam,4,"(64, 32)",0.002,0.3,0.001,512,0.8050618010594467,0.8196466056641339,0.7639490876795848,0.7430994824611846,0.7004564191855807,0.9412322903488531,search3
adam,8,"(128, 64)",0.005,0.3,0.0001,256,0.8151265450264862,0.8196428620331417,0.7736131706995165,0.7724266820011501,0.7126074042930077,0.9453575377817737,search3
adam,8,"(256, 128)",0.005,0.4,0.001,512,0.8065921130076515,0.8196108051343245,0.7636714679904416,0.7465497412305923,0.7036299907781534,0.9436337532675166,search3
adamw,4,"(128, 64)",0.005,0.4,0.0001,256,0.8098881695114774,0.8196106331852909,0.7677534531351592,0.7136285221391604,0.7147795830887049,0.9445032075470069,search3
adam,2,"(64, 32)",0.001,0.3,0.001,256,0.7933490288404944,0.8195118323410534,0.7533440954385201,0.7294422081656124,0.6897879834249225,0.9398970399764933,search3
adam,2,"(128, 64)",0.005,0.4,0.0001,256,0.8113596233078282,0.8195055465266258,0.773116407646922,0.7609258194364578,0.7143225814341088,0.945747493665734,search3
adam,8,"(128, 64)",0.002,0.4,0.0001,256,0.8046497939964685,0.819495603673257,0.765085808384557,0.7451121334100057,0.699474443179701,0.9428869134119924,search3
adamw,8,"(128, 64)",0.005,0.4,0.001,256,0.8068275456150676,0.8194243001280076,0.7684801691927153,0.7675388154111559,0.707287073761027,0.9440584450921355,search3
adamw,4,"(64, 32)",0.002,0.3,0.001,256,0.8007062978222483,0.8192320930831515,0.7616155122130001,0.7334675100632547,0.7000903505923005,0.9409256954432865,search3
adam,4,"(256, 128)",0.005,0.2,0.001,512,0.8171277221895232,0.8192301610237404,0.7746592119405037,0.7675388154111559,0.720572687218092,0.9437774160763533,search3
adam,2,"(64, 32)",0.002,0.4,0.0001,256,0.7937021777516186,0.8191735871843618,0.7571452273541439,0.7318861414606096,0.6944243832875794,0.9381012571766556,search3
adam,2,"(64, 32)",0.001,0.3,0.0001,256,0.7909947027663331,0.8191490175475287,0.7527231338323971,0.7284358826912019,0.6892576952766135,0.9378883785110378,search3
adam,4,"(64, 32)",0.002,0.3,0.0001,256,0.8024720423778693,0.8191146130572385,0.7607879691621084,0.7389304197814837,0.6955162134024683,0.9405952140927183,search3
adam,8,"(128, 64)",0.005,0.3,0.001,256,0.7951736315479694,0.8191019258808282,0.749646328356158,0.7176538240368028,0.6929553170738822,0.9417133573161472,search3
adam,8,"(64, 32)",0.005,0.4,0.001,256,0.7949970570924073,0.8190284278926464,0.7570873106217973,0.718372627947096,0.6903825669011703,0.9374736334218042,search3
adamw,4,"(64, 32)",0.005,0.3,0.0001,256,0.805591524426133,0.8190118866151946,0.7662887265487534,0.7446808510638298,0.7047293887548862,0.9410928560235337,search3
adamw,2,"(64, 32)",0.001,0.2,0.0001,256,0.8082401412595644,0.8189621874436378,0.7661719615136962,0.7475560667050029,0.7043598581424131,0.9430336493746374,search3
adam,2,"(128, 64)",0.002,0.4,0.001,256,0.8113596233078282,0.8187963201637736,0.7709529812214094,0.7374928119608971,0.7178243402807356,0.945028681615224,search3
adamw,2,"(128, 64)",0.005,0.4,0.001,256,0.8098293113596233,0.8187865907028608,0.7725263788294839,0.765813686026452,0.7126650942153894,0.9452503318241177,search3
adamw,4,"(64, 32)",0.002,0.2,0.001,256,0.8109476162448499,0.8187551263626439,0.7734583320569864,0.7649511213341,0.7054953928838055,0.9434378024445275,search3
adam,4,"(256, 128)",0.005,0.4,0.001,512,0.8091230135373749,0.8186413385065198,0.7666868156973803,0.750431282346176,0.7082175900586185,0.9445500929112579,search3
adamw,4,"(64, 32)",0.005,0.4,0.0001,256,0.7896409652736904,0.8185666554011369,0.7468728275246389,0.7011213341000575,0.6818626719680486,0.9383601495451308,search3
adamw,2,"(64, 32)",0.001,0.2,0.001,256,0.8031194820482637,0.8185444484510628,0.7619406105679948,0.7432432432432432,0.7001884639211287,0.9418434166123119,search3
adam,4,"(64, 32)",0.002,0.4,0.0001,256,0.7967628016480283,0.8184899397840741,0.7579403314913576,0.7376365727429557,0.693959787228258,0.9372587137150591,search3
adamw,2,"(64, 32)",0.005,0.2,0.0001,256,0.7986462625073573,0.8183211762676965,0.7585267045135332,0.7291546866014951,0.6962917520078075,0.9422414532291411,search3
adamw,2,"(256, 128)",0.005,0.4,0.0001,256,0.8164214243672748,0.8182714256349367,0.7738757532191299,0.7684013801035078,0.7157769848699371,0.9468905102930858,search3
adam,8,"(256, 128)",0.005,0.2,0.001,256,0.8226603884638022,0.818127452695491,0.7786705383592881,0.7809085681426107,0.7197800017232635,0.9486201291769484,search3
adamw,4,"(64, 32)",0.002,0.4,0.0001,256,0.7898175397292525,0.818074250868603,0.7527343114051055,0.7354801610120759,0.6857545563181714,0.9358163420818082,search3
adam,2,"(64, 32)",0.001,0.2,0.0001,256,0.8002354326074161,0.818025896275362,0.7592617608052024,0.7277170787809085,0.6957150174937566,0.9425179167998946,search3
adam,4,"(64, 32)",0.001,0.3,0.0001,256,0.7985874043555032,0.8179148200815693,0.7589780273007672,0.7379240943070731,0.6949678265956556,0.9390728149708663,search3
adamw,2,"(64, 32)",0.002,0.2,0.0001,512,0.8167157151265451,0.817897888385123,0.7759545287787407,0.7738642898217366,0.7196993531257914,0.945014357222831,search3
adamw,4,"(64, 32)",0.005,0.2,0.0001,512,0.8049440847557386,0.8178738096195528,0.7625134460042559,0.7360552041403106,0.7017378011607625,0.941241116584362,search3
adam,4,"(128, 64)",0.005,0.4,0.001,256,0.7931724543849323,0.8177487055134702,0.746336300061027,0.6729442208165612,0.6959328744694621,0.9417844816072765,search3
adamw,2,"(64, 32)",0.005,0.4,0.001,512,0.792583872866392,0.8177059374112138,0.7538329979437641,0.7170787809085681,0.6941056724798534,0.9378656275339385,search3
adam,2,"(64, 32)",0.005,0.4,0.0001,512,0.7960565038257799,0.8176980785307281,0.761413173119403,0.7412305922944221,0.7031057967235024,0.9380404684037034,search3
adam,2,"(128, 64)",0.002,0.3,0.001,512,0.818363743378458,0.817673031882849,0.7744093939085123,0.7699827487061529,0.7152728797043805,0.9459306312421923,search3
adamw,4,"(64, 32)",0.005,0.3,0.001,512,0.7989405532666274,0.8174859933267781,0.7604637226251635,0.7300172512938471,0.6914190759573442,0.9394529044148582,search3
adamw,2,"(64, 32)",0.001,0.3,0.0001,256,0.788816951147734,0.8174500760143449,0.7502555517914304,0.7272857964347326,0.6814971513054346,0.937364185839896,search3
adam,2,"(128, 64)",0.002,0.4,0.001,512,0.807416127133608,0.8174443049491785,0.7635203202627178,0.7287234042553191,0.7053435641617661,0.9444605399055934,search3
adamw,4,"(64, 32)",0.005,0.4,0.001,256,0.790818128310771,0.8174007484612898,0.7483030166050201,0.7106095457159287,0.6859060136829067,0.9381745162947587,search3
adamw,4,"(64, 32)",0.002,0.2,0.0001,256,0.8127722189523249,0.8172490246412702,0.7714319558043674,0.75,0.7141756763213427,0.943128103075355,search3
adam,2,"(128, 64)",0.001,0.4,0.001,256,0.8072395526780459,0.8172143765679518,0.7665345010668587,0.7416618746405981,0.7047496273054427,0.9424742644100846,search3
adamw,8,"(128, 64)",0.005,0.3,0.001,256,0.8026486168334315,0.8171192490930103,0.7623135602443,0.7546003450258769,0.6959978187712224,0.9431901421522939,search3
adam,4,"(128, 64)",0.005,0.2,0.001,512,0.8078281341965863,0.817040895225699,0.7684179458993984,0.7235480161012076,0.7173903646530253,0.9421838580357247,search3
adam,2,"(128, 64)",0.002,0.4,0.0001,256,0.8125956444967628,0.8170339088527591,0.7721594457629163,0.7543128234617597,0.7145336943859969,0.9442398668828496,search3
adamw,4,"(64, 32)",0.001,0.3,0.0001,256,0.796409652736904,0.8169431941416804,0.7564394146211314,0.7338987924094307,0.6903580263087916,0.9387203446134597,search3
adam,2,"(128, 64)",0.005,0.4,0.0001,512,0.8122424955856387,0.8169099396377434,0.7711500885199687,0.7265669925244393,0.7177674605442841,0.9458043590091653,search3
adam,8,"(64, 32)",0.005,0.2,0.001,256,0.8010005885815186,0.8168774772246451,0.7567171512899384,0.7094594594594594,0.6947568421415057,0.9438556390699802,search3
adamw,2,"(64, 32)",0.002,0.2,0.001,512,0.8099470276633314,0.8168640367934504,0.7674039566410323,0.7478435882691202,0.7145812302057223,0.9432162437876812,search3
adamw,2,"(64, 32)",0.005,0.3,0.001,512,0.7986462625073573,0.8167133913257892,0.7577894883239282,0.7294422081656124,0.6988331922116426,0.9408172253322608,search3
adam,2,"(128, 64)",0.005,0.2,0.001,512,0.8268981753972925,0.816641795343676,0.783844605957849,0.7577630822311673,0.736991382713435,0.9492066598684291,search3
adamw,2,"(64, 32)",0.001,0.3,0.001,256,0.7913478516774574,0.8165947864265902,0.7528407764232847,0.7330362277170788,0.6898127982103648,0.9381814956428599,search3
adamw,4,"(128, 64)",0.002,0.4,0.001,256,0.8141259564449677,0.8165940972581577,0.7743940005132725,0.7511500862564693,0.7179581476492322,0.9440252278042901,search3
adam,4,"(64, 32)",0.001,0.2,0.001,256,0.8097115950559153,0.8163012916577005,0.7692216244110099,0.7530189764232318,0.7076902321892807,0.9440491882235887,search3
adamw,2,"(128, 64)",0.002,0.4,0.001,512,0.803590347263096,0.8161711332380891,0.7620061732832545,0.7406555491661875,0.7005767455244392,0.9420548654028345,search3
adamw,8,"(128, 64)",0.002,0.4,0.0001,256,0.8043555032371984,0.8161474875700048,0.764811636497908,0.7615008625646924,0.6997578745187081,0.9421777144638485,search3
adamw,2,"(64, 32)",0.005,0.4,0.001,256,0.7909947027663331,0.816110196860982,0.7509032846909235,0.7259919493962047,0.68574075542822,0.9381948619449676,search3
adamw,2,"(64, 32)",0.002,0.4,0.001,256,0.7904649793996469,0.815984129812866,0.7527122020540427,0.7415181138585394,0.6859721631160388,0.9383340996171379,search3
adamw,2,"(128, 64)",0.001,0.4,0.001,256,0.8003531489111242,0.8156417418234758,0.7612044154827734,0.7524439332949971,0.7014472422464768,0.9399084802405601,search3
adam,4,"(128, 64)",0.005,0.3,0.0001,256,0.8170688640376692,0.8154918283399682,0.7717242826006,0.7395054629097182,0.7233099373644503,0.9465868051510483,search3
adamw,4,"(128, 64)",0.005,0.4,0.001,256,0.811065332548558,0.8154432213809871,0.7670431414296358,0.7094594594594594,0.7179957469323945,0.9449231363574363,search3
adamw,8,"(128, 64)",0.005,0.3,0.0001,256,0.8117127722189523,0.8153671259057299,0.7705026299110984,0.7573317998849913,0.7133642809944427,0.9442606815693666,search3
adam,2,"(128, 64)",0.002,0.4,0.0001,512,0.803708063566804,0.8153168102975744,0.7640349379034329,0.757906843013226,0.6985217551629759,0.9430271327564462,search3
adamw,2,"(64, 32)",0.002,0.4,0.0001,256,0.7912889935256033,0.8152799514509684,0.7517310182345803,0.7239792984473835,0.689520079476272,0.9374407455130694,search3
adamw,4,"(128, 64)",0.005,0.4,0.0001,512,0.8113596233078282,0.8152179003555862,0.7686899041470244,0.7232604945370903,0.713855630425793,0.940070572580666,search3
adamw,2,"(128, 64)",0.005,0.4,0.0001,512,0.8066509711595056,0.8149303210176915,0.7659314496361082,0.7343300747556066,0.7109879274053112,0.9445070954140373,search3
adam,2,"(256, 128)",0.005,0.4,0.0001,512,0.8108298999411419,0.8147910320083419,0.7676707707334879,0.7456871765382403,0.7135566425351283,0.944094054012299,search3
adam,4,"(256, 128)",0.005,0.4,0.0001,256,0.8150676868746322,0.8146337693161047,0.7724836619560339,0.7324611845888441,0.716907298767723,0.9444675056787263,search3
adam,2,"(256, 128)",0.002,0.3,0.001,256,0.8309005297233667,0.8144803531772657,0.7855226940227548,0.7793271995399655,0.7334595276968834,0.9475015883152538,search3
adam,2,"(256, 128)",0.002,0.4,0.0001,256,0.8168334314302531,0.8144735124052231,0.7749561256675918,0.7786083956296722,0.7158159166463034,0.9454087587654975,search3
adamw,8,"(64, 32)",0.005,0.2,0.0001,256,0.8190111830488522,0.814469673399468,0.7728527426963155,0.7459746981023577,0.7195109229412002,0.9463250888567667,search3
adamw,4,"(128, 64)",0.005,0.3,0.001,512,0.8147145379635079,0.8143188069917078,0.7695243131637804,0.7370615296147212,0.7191765081022741,0.9433434339876374,search3
adam,2,"(256, 128)",0.005,0.2,0.001,512,0.8151854031783402,0.8143064173296666,0.7716651500671438,0.7583381253594019,0.7178546545978919,0.9452126655506495,search3
adam,4,"(64, 32)",0.005,0.4,0.001,512,0.787110064743967,0.8142384933445506,0.7454686604015163,0.6903392754456584,0.6746864344060522,0.9333255450364124,search3
adam,4,"(64, 32)",0.005,0.2,0.0001,256,0.8070041200706298,0.8142177351302676,0.7655029028588705,0.7602070155261644,0.7025716403444513,0.942803987746431,search3
sgd,2,"(64, 32)",0.005,0.2,0.001,256,0.7943496174220129,0.8140265562116357,0.7560942216687287,0.7617883841288097,0.6876509812220671,0.9394375149982461,search3
adamw,2,"(128, 64)",0.002,0.3,0.0001,256,0.8230135373749264,0.8140263478966853,0.7802989669107591,0.7661012075905693,0.7253870551769643,0.9466355037274591,search3
adamw,4,"(256, 128)",0.005,0.4,0.001,256,0.81854031783402,0.8139446935136486,0.7754733926347358,0.7484186313973548,0.7214071863609872,0.9456197535726777,search3
adamw,8,"(128, 64)",0.002,0.4,0.001,256,0.8049440847557386,0.8139002067444366,0.7670294387676896,0.7626509488211616,0.7028996698536885,0.9422062827099005,search3
adam,4,"(128, 64)",0.001,0.4,0.001,256,0.805532666274279,0.8138211523186133,0.76787975800393,0.757906843013226,0.7065608162290533,0.9402164362791803,search3
adamw,4,"(64, 32)",0.005,0.2,0.001,512,0.803531489111242,0.8137271560295319,0.7610417754087546,0.7160724554341575,0.7033872064284201,0.9404561824464276,search3
adamw,4,"(64, 32)",0.005,0.2,0.001,256,0.8080635668040024,0.8137079909168686,0.7664866922247834,0.7521564117308798,0.6994662230130029,0.9420374826804059,search3
adamw,4,"(256, 128)",0.005,0.4,0.0001,256,0.8208946439081812,0.8136131396856657,0.7759423635799741,0.7646635997699828,0.7204733979853031,0.9447419570144664,search3
adam,2,"(128, 64)",0.001,0.4,0.0001,256,0.7995879929370218,0.8134938844540888,0.7603914779204827,0.7551753881541116,0.6949791994360852,0.9402172051170435,search3
adam,4,"(64, 32)",0.001,0.4,0.001,256,0.7881106533254856,0.813293905120798,0.7512856866528201,0.7497124784358827,0.6766182416532482,0.9362570198367731,search3
adamw,2,"(128, 64)",0.002,0.4,0.001,256,0.8050029429075927,0.813276785144963,0.7657066585227813,0.7488499137435307,0.7053301471337579,0.9424359174560629,search3
rmsprop,2,"(64, 32)",0.001,0.4,0.0001,256,0.788934667451442,0.8132544701949772,0.7518106643351438,0.734186313973548,0.6857451710619245,0.9330108580155528,search3
adam,2,"(64, 32)",0.002,0.3,0.0001,512,0.7932313125367864,0.8132373702547041,0.7536776626808596,0.746262219666475,0.6872824017729682,0.9379633776463461,search3
adamw,4,"(128, 64)",0.005,0.3,0.001,256,0.8127722189523249,0.8131963309744138,0.7681564671915097,0.7280046003450259,0.7224291671919354,0.9448403162271782,search3
rmsprop,4,"(64, 32)",0.005,0.3,0.001,256,0.7919952913478516,0.8131219578713188,0.7556521380005438,0.7607820586543991,0.6839765416564001,0.935744117470167,search3
rmsprop,2,"(64, 32)",0.001,0.3,0.001,256,0.7950559152442613,0.8131008243333274,0.7542856326071273,0.7330362277170788,0.6910505402454371,0.9385891075246153,search3
adam,8,"(128, 64)",0.001,0.4,0.001,256,0.8002354326074161,0.813053801693254,0.7613211675560159,0.7468372627947096,0.692882512031818,0.9402034520372053,search3
adamw,8,"(128, 64)",0.005,0.4,0.0001,512,0.7970570924072984,0.8129812791350243,0.759355622318818,0.7625071880391029,0.6924777775823079,0.9389980193726218,search3
adam,2,"(64, 32)",0.001,0.4,0.001,256,0.7830488522660388,0.8129778756968925,0.7467605399863048,0.7405117883841288,0.6743203130381632,0.9336835138099125,search3
rmsprop,4,"(64, 32)",0.005,0.2,0.001,256,0.8024131842260153,0.8129484589636419,0.7621104236057912,0.7627947096032203,0.6985661003231407,0.941761489192538,search3
adam,4,"(64, 32)",0.002,0.2,0.0001,256,0.8136550912301354,0.812935346237389,0.7729260626656383,0.7643760782058654,0.7142222219541554,0.9442884992192336,search3
adamw,2,"(128, 64)",0.005,0.4,0.0001,256,0.8104178928781636,0.8128593411966195,0.7681322087400649,0.7540253018976423,0.7089294380093274,0.9442127285349488,search3
adam,2,"(256, 128)",0.002,0.4,0.001,512,0.8120070629782224,0.8128577405473566,0.7682596550076877,0.7603507763082231,0.7096589224241477,0.9452634451721945,search3
adamw,4,"(64, 32)",0.002,0.4,0.001,256,0.7885815185403179,0.8128264230431063,0.7490936041045787,0.7310235767682576,0.6852369006840577,0.9352865202296,search3
rmsprop,2,"(64, 32)",0.001,0.4,0.001,256,0.7899352560329606,0.8128186733976012,0.75319107635318,0.7338987924094307,0.6861317015603816,0.9350006035232541,search3
adamw,4,"(64, 32)",0.005,0.4,0.001,512,0.7878752207180695,0.8127772135077436,0.7462260747445054,0.6965209890741806,0.6826162045559027,0.9355083659568018,search3
adam,2,"(64, 32)",0.002,0.4,0.001,512,0.7849911712772218,0.8127758023729382,0.7483379211884352,0.7426682001150087,0.6803773607420697,0.9356509354105373,search3
adamw,2,"(128, 64)",0.005,0.3,0.001,512,0.8194820482636845,0.8127160951638223,0.7755446625888381,0.7505750431282346,0.7234726910052587,0.946087150416279,search3
adam,2,"(256, 128)",0.005,0.3,0.0001,256,0.8131842260153032,0.8127023848014634,0.7714145049281013,0.7597757331799885,0.7085187871081099,0.9444003883653599,search3
adamw,4,"(64, 32)",0.001,0.2,0.001,256,0.8060623896409653,0.8125694493980999,0.765217966733864,0.761213341000575,0.7001636943057572,0.9421274309347117,search3
adam,2,"(128, 64)",0.005,0.3,0.0001,256,0.8173631547969393,0.8125521285177277,0.7773992177733559,0.7827774583093732,0.7130627871953529,0.9464666088909305,search3
sgd,2,"(64, 32)",0.005,0.3,0.0001,256,0.7788110653325485,0.8122315971305406,0.7404083981323754,0.7330362277170788,0.6650731910573662,0.9338092517976962,search3
adam,8,"(128, 64)",0.005,0.2,0.001,512,0.8044732195409064,0.8122296111397885,0.760924543909795,0.7433870040253019,0.7002063430312384,0.9418831306418026,search3
adamw,8,"(64, 32)",0.005,0.2,0.001,256,0.8144202472042378,0.8120064984175374,0.7694085804589504,0.7497124784358827,0.7101508910394023,0.9450870103987903,search3
adam,2,"(256, 128)",0.005,0.3,0.001,512,0.8149499705709241,0.8119767037532105,0.7692009357852192,0.7671075330649799,0.7104330231697671,0.9464320167067309,search3
adamw,2,"(64, 32)",0.005,0.4,0.0001,512,0.7919952913478516,0.8119060793586129,0.754082871789764,0.7379240943070731,0.6929344033248789,0.9375508850186707,search3
adam,8,"(256, 128)",0.005,0.3,0.001,512,0.8131842260153032,0.8118515857869105,0.7732543267880314,0.7872340425531915,0.7044838975422647,0.9465120376987071,search3
sgd,2,"(64, 32)",0.005,0.3,0.001,256,0.7818128310771042,0.8117871103885551,0.7435604491207556,0.7344738355376653,0.6715332440509618,0.9344409557574799,search3
adamw,4,"(128, 64)",0.005,0.3,0.0001,256,0.8141848145968217,0.8117643047045361,0.7700522611016951,0.7364864864864865,0.7148575769863577,0.9451265579803813,search3
adam,4,"(64, 32)",0.001,0.2,0.0001,256,0.8059446733372572,0.8117611058761481,0.7640354999012392,0.7551753881541116,0.6979035155976252,0.9413379455047775,search3
sgd,2,"(64, 32)",0.005,0.2,0.0001,256,0.7942907592701589,0.811683604343591,0.755044683827044,0.7625071880391029,0.68451433444468,0.9397902236016747,search3
adamw,8,"(128, 64)",0.005,0.4,0.001,512,0.7931135962330783,0.8116770234849318,0.7533682780242649,0.75747556066705,0.6894326139293998,0.9386854460600977,search3
adam,2,"(64, 32)",0.005,0.4,0.001,512,0.7902884049440848,0.8116504264139243,0.7523981067989213,0.6991086831512363,0.6950116375378801,0.9360686521818732,search3
sgd,4,"(64, 32)",0.005,0.2,0.001,256,0.8004120070629782,0.8116177869742872,0.7578881593828038,0.7627947096032203,0.6912955961755103,0.9372602037491634,search3
adamw,2,"(64, 32)",0.002,0.3,0.0001,512,0.788934667451442,0.8114677516306505,0.7511145780034245,0.7492811960897068,0.6859384549319674,0.9381376592244152,search3
adamw,2,"(128, 64)",0.001,0.4,0.0001,256,0.8014714537963508,0.8114039065291113,0.7620715197821287,0.7507188039102932,0.699105379170532,0.9404855525938592,search3
adamw,8,"(64, 32)",0.005,0.3,0.001,256,0.8078281341965863,0.8113321786690882,0.769155346477822,0.7719953996549741,0.7105236406433222,0.9419643738100713,search3
adam,8,"(64, 32)",0.005,0.2,0.001,512,0.792583872866392,0.811239666246646,0.7491697130240168,0.7176538240368028,0.6834390644199284,0.939563680774684,search3
adamw,4,"(64, 32)",0.005,0.2,0.0001,256,0.8033549146556798,0.8112186695268403,0.7589622385140483,0.7360552041403106,0.6987262695746757,0.9404487930281523,search3
adam,2,"(256, 128)",0.001,0.4,0.001,256,0.8143613890523838,0.8111028416113931,0.7714639633702953,0.7799022426682001,0.7111460464923025,0.9449964433558712,search3
adam,4,"(128, 64)",0.005,0.3,0.0001,512,0.8172454384932313,0.8110806573042485,0.775569266087448,0.7422369177688327,0.7268765035793553,0.9443505051642465,search3
adamw,8,"(128, 64)",0.005,0.3,0.0001,512,0.8097115950559153,0.8109268469039783,0.7701326989827023,0.780333525014376,0.7102427968623366,0.9409812950273274,search3
adam,4,"(64, 32)",0.002,0.4,0.001,512,0.7816951147733961,0.8108618367207998,0.7419748536093674,0.7176538240368028,0.6756992921420534,0.9354810872674858,search3
adam,2,"(128, 64)",0.002,0.3,0.001,256,0.8256032960565038,0.8108223980897723,0.783447615320144,0.774151811385854,0.7309946350055021,0.9482337867249453,search3
adamw,4,"(128, 64)",0.005,0.3,0.0001,512,0.8143025309005297,0.8106805354713457,0.7716006426217934,0.7558941920644048,0.7163530701750256,0.9440281347714413,search3
adam,2,"(128, 64)",0.001,0.3,0.001,256,0.8172454384932313,0.8106662476456726,0.7741123549832437,0.7679700977573318,0.7150589609443272,0.9449925419661547,search3
rmsprop,4,"(64, 32)",0.005,0.4,0.001,256,0.7816951147733961,0.8104721147167497,0.7441235789911378,0.7290109258194365,0.6795523456869268,0.9331203768179117,search3
adamw,8,"(128, 64)",0.005,0.3,0.001,512,0.8025309005297233,0.810273901806411,0.7624785128711675,0.7620759056929269,0.7044172475264563,0.9415166784809107,search3
adam,4,"(64, 32)",0.002,0.2,0.001,512,0.8132430841671572,0.8101681925358027,0.7706976639648536,0.7649511213341,0.710386285310274,0.942680125866083,search3
adam,4,"(64, 32)",0.001,0.2,0.001,512,0.7969393761035903,0.8101397285895745,0.7582290877945969,0.7468372627947096,0.6931865018856536,0.9366326721909212,search3
adamw,8,"(256, 128)",0.005,0.4,0.0001,512,0.8109476162448499,0.810114599054851,0.772062603795649,0.7801897642323175,0.7141397379055705,0.9423649880615733,search3
adamw,2,"(128, 64)",0.005,0.3,0.001,256,0.8160682754561507,0.8101107612841646,0.7775781057401531,0.7776020701552616,0.7157369834521641,0.9463311391905864,search3
sgd,4,"(64, 32)",0.005,0.2,0.0001,256,0.7967039434961742,0.810086388709432,0.7559806934879315,0.7603507763082231,0.6918851872775678,0.9365748120531437,search3
adam,2,"(128, 64)",0.005,0.3,0.0001,512,0.8145379635079458,0.8100340005184732,0.7705151129325855,0.7397929844738356,0.7234799163848655,0.9454698451342306,search3
adam,2,"(64, 32)",0.001,0.3,0.001,512,0.7812831077104179,0.8100142816832641,0.7464109498364048,0.746693502012651,0.6765778685676462,0.9333566706162141,search3
adam,4,"(128, 64)",0.002,0.4,0.0001,512,0.7961742201294879,0.8099839171032661,0.7597605836829571,0.7673950546290972,0.6975237062627273,0.9378352031650498,search3
adamw,2,"(128, 64)",0.002,0.4,0.0001,512,0.79635079458505,0.8099251036723264,0.7554234431538417,0.7438182863714778,0.6894505803818836,0.9414025867526474,search3
adamw,8,"(64, 32)",0.005,0.2,0.001,512,0.8105944673337258,0.809750739804747,0.7695998523807971,0.7396492236917769,0.7137079680239033,0.9418276184844139,search3
adamw,8,"(256, 128)",0.005,0.4,0.0001,256,0.8117127722189523,0.8096891267471259,0.772236830158593,0.7826336975273146,0.7104717415237285,0.9419294505159449,search3
adam,8,"(128, 64)",0.002,0.4,0.0001,512,0.788993525603296,0.8096433092598154,0.7520642579768406,0.7512938470385279,0.68552948710965,0.9341711040672004,search3
adamw,2,"(256, 128)",0.002,0.4,0.001,256,0.8168922895821071,0.8094823519276515,0.7717211412215713,0.7790396779758482,0.713007169432319,0.9432228715933856,search3
adam,8,"(64, 32)",0.005,0.2,0.0001,256,0.8150676868746322,0.8094596692016006,0.7714408905367716,0.7482748706152962,0.7125186724401803,0.9449858138959167,search3
adam,2,"(256, 128)",0.002,0.4,0.0001,512,0.8138316656856974,0.8093969539136229,0.7710435515315724,0.7636572742955722,0.7122096775033997,0.9433798107577994,search3
adam,8,"(64, 32)",0.005,0.3,0.0001,256,0.8048263684520306,0.8093899148444108,0.7595632363530909,0.719666474985624,0.6944531653236674,0.94162157387052,search3
adamw,8,"(128, 64)",0.002,0.3,0.0001,256,0.8072395526780459,0.8093291742943354,0.7686975890551307,0.7692639447958597,0.7035025818998633,0.9418487458124781,search3
rmsprop,8,"(64, 32)",0.005,0.4,0.001,256,0.7861683343143026,0.8092698122183551,0.746497234378601,0.710897067280046,0.6754010432219948,0.931554823578575,search3
adamw,2,"(128, 64)",0.005,0.3,0.0001,512,0.8163625662154208,0.8091531419859348,0.7724552981782842,0.7498562392179413,0.7221652804655281,0.9450512499415282,search3
rmsprop,2,"(64, 32)",0.005,0.3,0.0001,256,0.8004120070629782,0.8091454374890586,0.7625100349724998,0.7459746981023577,0.704942547507861,0.9393764442186269,search3
adamw,8,"(64, 32)",0.005,0.4,0.001,256,0.7974690994702767,0.8091366534047552,0.7549295675988118,0.7157849338700403,0.6937389581925187,0.9382912459398386,search3
adam,4,"(128, 64)",0.005,0.2,0.0001,256,0.8190700412007063,0.8089598012850808,0.775524031559935,0.7645198389879241,0.7177201210856318,0.9441422624500654,search3
adamw,8,"(64, 32)",0.005,0.2,0.0001,512,0.807474985285462,0.8087375208620218,0.7663237072053608,0.7422369177688327,0.7032588707023378,0.9422306305166878,search3
adamw,2,"(256, 128)",0.005,0.4,0.0001,512,0.8060623896409653,0.8087358034301353,0.7648591763206705,0.7694077055779184,0.7077416323758097,0.9426662162015407,search3
adam,8,"(128, 64)",0.005,0.3,0.0001,512,0.8053560918187169,0.8086811328318942,0.7634606396535634,0.7643760782058654,0.700579206500072,0.9422508021363827,search3
adam,8,"(64, 32)",0.002,0.3,0.0001,256,0.7957622130665097,0.8086697336950913,0.7581908373362637,0.7474123059229443,0.6943921902573167,0.938449562691324,search3
adam,2,"(64, 32)",0.001,0.4,0.0001,256,0.7715715126545026,0.8086330053540967,0.7377829731441589,0.7351926394479587,0.663781024999514,0.9298635895810649,search3
adamw,2,"(128, 64)",0.002,0.3,0.001,512,0.8077692760447321,0.808612656496531,0.7657612351540086,0.7606382978723404,0.7076495309210162,0.9417054158197801,search3
adam,8,"(256, 128)",0.005,0.4,0.0001,256,0.8106533254855798,0.8085806422762049,0.765912344759656,0.7760207015526165,0.705999475549225,0.9447178182735918,search3
adamw,2,"(256, 128)",0.002,0.4,0.001,512,0.8124190700412007,0.8085504220620354,0.7701255646232529,0.7622196664749856,0.7128972968783556,0.9425235861852804,search3
adamw,4,"(128, 64)",0.002,0.4,0.0001,256,0.8047675103001766,0.8084873502508424,0.7633364655810461,0.7439620471535365,0.704397396892336,0.9420536170356858,search3
adamw,2,"(64, 32)",0.001,0.4,0.001,256,0.7765744555620954,0.8084707549048198,0.7419066121210981,0.7372052903967797,0.6699083000774348,0.9307946763729195,search3
adam,4,"(128, 64)",0.002,0.3,0.001,256,0.8051206592113007,0.808468564304324,0.759112420186745,0.7338987924094307,0.7091640062502409,0.9428057942160192,search3
adam,4,"(64, 32)",0.005,0.4,0.0001,512,0.7838140082401412,0.8084568876887137,0.7453034303612623,0.7143473260494537,0.6777551848104055,0.933867405849679,search3
adamw,4,"(256, 128)",0.005,0.4,0.001,512,0.8133608004708652,0.8084268018225922,0.7727444084996113,0.7676825761932144,0.7209057756755182,0.9431267934441397,search3
adam,4,"(64, 32)",0.001,0.4,0.0001,256,0.7766333137139494,0.8084143731872664,0.7409796506568941,0.7297297297297297,0.6682962863167894,0.9311617199676533,search3
adam,8,"(128, 64)",0.002,0.3,0.0001,256,0.8095350206003531,0.8083321476534898,0.7676417676208716,0.7663887291546866,0.7093373631191916,0.941880581669416,search3
rmsprop,2,"(64, 32)",0.002,0.4,0.0001,256,0.783343143025309,0.8083265673378497,0.7438783178873746,0.702558941920644,0.6803556941595457,0.9337180641078021,search3
adamw,2,"(128, 64)",0.001,0.3,0.001,256,0.8104178928781636,0.8083022249536896,0.7682832026625949,0.7681138585393904,0.7089560819489162,0.943395081737517,search3
adamw,2,"(64, 32)",0.001,0.2,0.001,512,0.7876397881106533,0.8081936746129775,0.7496622241062095,0.7452558941920644,0.6838873575438476,0.9341866402303376,search3
rmsprop,8,"(64, 32)",0.002,0.3,0.001,256,0.7924661565626839,0.8081857115750165,0.7538039143472209,0.7310235767682576,0.6874202716573694,0.93589257852181,search3
adam,4,"(128, 64)",0.002,0.3,0.001,512,0.8089464390818129,0.8081038023561019,0.7683235893054133,0.7661012075905693,0.7105563010956204,0.9412093989759458,search3
adam,2,"(128, 64)",0.005,0.2,0.001,256,0.818363743378458,0.8080175393821705,0.7748254350354423,0.7715641173087981,0.7197910119736766,0.945332223270063,search3
adamw,4,"(64, 32)",0.002,0.2,0.0001,512,0.8048263684520306,0.8079534180368929,0.7635874819586083,0.7464059804485337,0.6995988482246107,0.9397966799870341,search3
adamw,4,"(64, 32)",0.001,0.4,0.001,256,0.7794585050029429,0.8079013259880043,0.7413494711524556,0.7290109258194365,0.6708934914139705,0.9318474371284514,search3
adamw,2,"(64, 32)",0.001,0.3,0.0001,512,0.7699823425544438,0.8078672214822212,0.7352475216915941,0.7340425531914894,0.6611669630308088,0.9293649096685993,search3
adamw,8,"(64, 32)",0.005,0.4,0.0001,256,0.7791053560918187,0.8078311460809721,0.7374233129025588,0.6962334675100632,0.6677194156385424,0.9341409251286583,search3
adam,2,"(128, 64)",0.002,0.3,0.0001,256,0.8195409064155386,0.8077891677366466,0.7749193211804702,0.7609258194364578,0.7177310891083075,0.9472207726057342,search3
rmsprop,2,"(64, 32)",0.005,0.2,0.0001,256,0.8016480282519128,0.807767810651189,0.7647407646923633,0.7543128234617597,0.7075298638338415,0.9413824818302574,search3
adamw,2,"(128, 64)",0.002,0.4,0.0001,256,0.807357268981754,0.8077606874600635,0.7683379929420161,0.7659574468085106,0.7056577627767935,0.9420660520355102,search3
adamw,2,"(128, 64)",0.005,0.3,0.0001,256,0.8191877575044144,0.8077481346317007,0.7763800421292513,0.7847901092581944,0.7198245276035906,0.9463421687652546,search3
adamw,2,"(128, 64)",0.002,0.3,0.001,256,0.8217775161859917,0.807741620329531,0.7789741498786255,0.7712765957446809,0.723118700258841,0.9462048024554729,search3
adam,8,"(64, 32)",0.002,0.4,0.001,256,0.7838140082401412,0.8077021313351395,0.7465176198982783,0.7226854514088557,0.6781844394660084,0.9346973885003176,search3
adamw,8,"(128, 64)",0.002,0.3,0.001,256,0.8120070629782224,0.807692423282087,0.7705309562143817,0.7763082231167338,0.7113467265466422,0.9427313986116391,search3
adam,2,"(64, 32)",0.001,0.2,0.001,512,0.7972925250147146,0.8076799243850653,0.7591804920136315,0.7648073605520413,0.6921985623611226,0.9379981602887458,search3
rmsprop,4,"(128, 64)",0.005,0.4,0.0001,256,0.8078869923484403,0.8075689561911842,0.7691717741651488,0.7777458309373203,0.7111572251808311,0.9422835012337655,search3
adamw,8,"(128, 64)",0.005,0.2,0.0001,256,0.818481459682166,0.8075254976854263,0.7766920762720031,0.7829212190914319,0.7209779166330783,0.9423005008556187,search3
rmsprop,2,"(64, 32)",0.001,0.3,0.0001,256,0.787051206592113,0.8075174040046242,0.748958556256826,0.7376365727429557,0.6862383902558182,0.9362716908575388,search3
adam,2,"(64, 32)",0.0005,0.2,0.001,256,0.7783990582695703,0.8074993147741817,0.7413282848643424,0.7369177688326625,0.6701534919630758,0.929999103225263,search3
rmsprop,8,"(64, 32)",0.002,0.4,0.001,256,0.7853443201883461,0.807450036212192,0.7463153509048027,0.7048591144335825,0.6823917573180082,0.932709583710083,search3
rmsprop,4,"(64, 32)",0.005,0.4,0.0001,256,0.7804002354326074,0.8074110105058586,0.7429363541317384,0.7166474985623922,0.6818358890031421,0.931893265630098,search3
rmsprop,8,"(64, 32)",0.005,0.2,0.001,256,0.7940553266627428,0.8073063946828948,0.75402686930222,0.7436745255894192,0.6897914325917303,0.9359769251672155,search3
adam,8,"(64, 32)",0.005,0.4,0.0001,256,0.7957622130665097,0.8072957638961623,0.7547653269051976,0.7219666474985624,0.6846114000320029,0.9379585207168942,search3
rmsprop,8,"(128, 64)",0.005,0.4,0.0001,512,0.7989994114184814,0.8072499012602231,0.7597514305877738,0.7244105807935595,0.6981227306559843,0.9373325764934318,search3
adam,8,"(64, 32)",0.002,0.2,0.0001,512,0.7954679223072395,0.8072153912401588,0.7587192723042282,0.7652386428982174,0.6951954825784195,0.936020079967355,search3
adam,2,"(128, 64)",0.002,0.3,0.0001,512,0.8125367863449088,0.8070050071377403,0.7719411348527956,0.777027027027027,0.7143650202451658,0.9433943341020775,search3
adamw,2,"(64, 32)",0.002,0.4,0.001,512,0.7775161859917599,0.8067667904837487,0.7402636726205137,0.7374928119608971,0.6705633945178631,0.9332695702968902,search3
adamw,4,"(64, 32)",0.002,0.4,0.0001,512,0.7758092995879929,0.806748843148997,0.7384513466509665,0.7232604945370903,0.6727011270395753,0.9304095274536194,search3
adamw,4,"(64, 32)",0.001,0.2,0.0001,256,0.8063566804002354,0.8066540245785041,0.7655094584469159,0.7705577918343876,0.6986873568800055,0.9418359075780666,search3
adam,4,"(256, 128)",0.002,0.3,0.001,256,0.8204826368452031,0.8066187726937354,0.776113882079073,0.7785102175346078,0.7181732943814712,0.9448355942397132,search3
adam,4,"(64, 32)",0.002,0.3,0.0001,512,0.7937610359034726,0.8066073321135101,0.7501819830268815,0.7265669925244393,0.6845729772622379,0.9356519139280423,search3
rmsprop,4,"(64, 32)",0.002,0.4,0.001,256,0.7844614479105356,0.8065781236952098,0.7478925255457475,0.7445370902817712,0.6778730827030042,0.9347428312182157,search3
adamw,8,"(64, 32)",0.002,0.3,0.0001,256,0.801765744555621,0.8065692956973463,0.7643701074426298,0.7511500862564693,0.7063403110446238,0.9393542175969385,search3
rmsprop,8,"(64, 32)",0.005,0.3,0.001,256,0.7843437316068276,0.8065464710756046,0.7405330328858183,0.7068717653824037,0.6825873142461254,0.9351560745813514,search3
adam,2,"(128, 64)",0.001,0.4,0.001,512,0.7882283696291936,0.8065299071552232,0.7506761895330566,0.7589131684876366,0.6819409482661349,0.9363537360977668,search3
adamw,2,"(64, 32)",0.001,0.3,0.001,512,0.7737492642731019,0.8065059915559747,0.7412983067113644,0.7505750431282346,0.666299529331043,0.9305324343665511,search3
adam,2,"(64, 32)",0.002,0.4,0.0001,512,0.7814596821659799,0.8064945472705428,0.7459326726314708,0.7403680276020701,0.6766762787066444,0.9337822398044836,search3
adam,2,"(64, 32)",0.001,0.3,0.0001,512,0.7751030017657445,0.8064603574077772,0.7409469623812429,0.7439620471535365,0.6680257669588199,0.9310205297623645,search3
adamw,2,"(256, 128)",0.005,0.3,0.0001,256,0.8155974102413184,0.8063938069564808,0.7714536481874902,0.7721391604370328,0.713897148412401,0.9442198668822518,search3
rmsprop,4,"(64, 32)",0.002,0.2,0.001,256,0.7995879929370218,0.8062404786447619,0.7632542524581992,0.7724266820011501,0.6977033947330151,0.9404043943566632,search3
rmsprop,2,"(64, 32)",0.002,0.3,0.001,256,0.7972925250147146,0.8062258167304494,0.758332044515614,0.7439620471535365,0.6954144030427554,0.9386110389577743,search3
rmsprop,4,"(64, 32)",0.002,0.3,0.0001,256,0.7905238375515009,0.8061114112026573,0.7488809924336328,0.7241230592294422,0.6908311735200956,0.9361881656717413,search3
adamw,2,"(256, 128)",0.005,0.4,0.001,512,0.8108298999411419,0.806094530967414,0.7681371594780843,0.7777458309373203,0.7068336471520835,0.943842518452977,search3
adam,8,"(256, 128)",0.002,0.3,0.001,256,0.8181871689228958,0.8060283331968966,0.774302792146584,0.7791694133157547,0.7173240130955726,0.9434131246328822,search3
sgd,2,"(64, 32)",0.005,0.2,0.001,512,0.7826368452030606,0.8060038275091852,0.7472640950358711,0.7668200115008625,0.6671941377486565,0.9308722771658653,search3
adamw,4,"(64, 32)",0.001,0.4,0.0001,256,0.7753972925250148,0.8059984229850151,0.7391801330266968,0.7272857964347326,0.6699688728475598,0.9303053999096688,search3
adamw,4,"(128, 64)",0.005,0.4,0.001,512,0.8016480282519128,0.8059580201768854,0.7631679606587033,0.7512938470385279,0.7024643273466231,0.9415710165192093,search3
adamw,4,"(64, 32)",0.005,0.4,0.0001,512,0.7756327251324309,0.8059507375246452,0.7350565536144025,0.6884703852788959,0.6637485024137182,0.9306400868940049,search3
adamw,2,"(256, 128)",0.001,0.4,0.001,256,0.8095938787522072,0.8058232117229572,0.767545673440956,0.777889591719379,0.7053083079027057,0.9424894130439339,search3
adamw,8,"(64, 32)",0.002,0.3,0.001,256,0.7939964685108888,0.8057961525989601,0.7545456948037185,0.7432432432432432,0.6919913121531023,0.9367545417628952,search3
adamw,2,"(64, 32)",0.001,0.2,0.0001,512,0.7876986462625074,0.8055804367042052,0.7497310098924516,0.7491374353076481,0.6824171008502147,0.9346408863600448,search3
adamw,4,"(128, 64)",0.002,0.4,0.001,512,0.7938198940553267,0.8055278161830678,0.7573035455860874,0.773289246693502,0.692127064185122,0.9365867500656884,search3
rmsprop,4,"(64, 32)",0.002,0.4,0.0001,256,0.7805179517363154,0.805514281612179,0.7432940470611155,0.7257044278320874,0.6802064530899121,0.9293829124068527,search3
adam,8,"(64, 32)",0.005,0.2,0.0001,512,0.8079458505002943,0.8054211641432175,0.7631087981626362,0.7419493962047153,0.7041130325068709,0.9427656748564134,search3
adamw,2,"(256, 128)",0.002,0.4,0.0001,512,0.8115361977633903,0.8053060480391325,0.7712894126932236,0.7689764232317424,0.7119030541746643,0.9423194159473559,search3
adamw,4,"(128, 64)",0.002,0.3,0.001,256,0.8137728075338434,0.8052892180300235,0.771999058676632,0.7561817136285222,0.7189653711927113,0.9423719371768083,search3
adam,4,"(256, 128)",0.002,0.4,0.001,512,0.8101824602707475,0.805240781785007,0.7676923664419739,0.7560379528464635,0.7130589374470522,0.9425802124079783,search3
rmsprop,2,"(64, 32)",0.001,0.2,0.001,256,0.7978222483814008,0.8051838099789909,0.7587556656818834,0.7566129959746981,0.6959245875708109,0.9397424219600924,search3
rmsprop,8,"(64, 32)",0.005,0.4,0.0001,256,0.7890523837551501,0.8051466962965069,0.7455338332565548,0.7213916043703278,0.6815910109978813,0.9351188592436669,search3
adamw,4,"(64, 32)",0.002,0.4,0.001,512,0.7739258387286639,0.8050902504926017,0.7369375214520945,0.7284358826912019,0.6681737999046408,0.9281715315130562,search3
adamw,4,"(128, 64)",0.001,0.4,0.0001,256,0.7940553266627428,0.8050684741698758,0.7576898977151778,0.769120184013801,0.6943239516346777,0.9362934679728102,search3
adamw,4,"(128, 64)",0.005,0.2,0.001,256,0.8124779281930548,0.8050363960004279,0.7691682587219049,0.7543128234617597,0.7128638362477613,0.9432162187896193,search3
adam,8,"(64, 32)",0.005,0.4,0.001,512,0.78510888758093,0.80501877376325,0.745742475174958,0.7149223691776884,0.6831205772991553,0.9340984196435879,search3
adamw,2,"(256, 128)",0.002,0.4,0.0001,256,0.8150676868746322,0.8049206873377422,0.77230017841939,0.7833525014376078,0.7124251995050548,0.9450452032907456,search3
adam,4,"(64, 32)",0.001,0.3,0.0001,512,0.779635079458505,0.8049151609534432,0.7423375888456621,0.7432432432432432,0.6727352977408001,0.9310576534946146,search3
adam,2,"(64, 32)",0.0005,0.2,0.0001,256,0.7749264273101825,0.804824080936437,0.739764412570131,0.7397929844738356,0.6661970735852167,0.9279211177088812,search3
adam,8,"(64, 32)",0.005,0.4,0.0001,512,0.7874043555032372,0.8047710424131002,0.7496060701799632,0.7331799884991375,0.6846618742198554,0.9336148719179497,search3
rmsprop,8,"(64, 32)",0.005,0.3,0.0001,256,0.7941730429664509,0.8047031925321165,0.7523187091419148,0.7382116158711903,0.6908816562709947,0.9377237891569449,search3
adam,8,"(64, 32)",0.005,0.3,0.0001,512,0.7998822836962919,0.804678503642522,0.7577957408368872,0.749568717653824,0.6929384081665997,0.9387640124100644,search3
rmsprop,8,"(128, 64)",0.001,0.4,0.001,256,0.7997645673925838,0.804589785077206,0.7575151955872022,0.734617596319724,0.6915786181602497,0.9385597611711335,search3
rmsprop,4,"(64, 32)",0.001,0.4,0.0001,256,0.7816362566215421,0.8045650321012596,0.7445903614924833,0.7334675100632547,0.6823764262341985,0.9323099872403836,search3
adam,8,"(256, 128)",0.001,0.4,0.001,256,0.8115950559152443,0.8044850349061945,0.7699008317418592,0.7755894192064405,0.7091006980309706,0.9419564229512855,search3
adam,2,"(64, 32)",0.001,0.2,0.0001,512,0.786874632136551,0.8044605355310573,0.7489783455540423,0.7456871765382403,0.685462846093644,0.9344289315703936,search3
rmsprop,4,"(64, 32)",0.001,0.3,0.0001,256,0.7914655679811654,0.804457435919869,0.7550518418628284,0.7636572742955722,0.6874694323502144,0.9354703426191491,search3
adam,4,"(64, 32)",0.002,0.4,0.0001,512,0.7767510300176574,0.8044405230239154,0.7382476093723049,0.7284358826912019,0.6677173145067732,0.9303923521637278,search3
adamw,8,"(64, 32)",0.002,0.4,0.001,256,0.7822248381400824,0.804407500712927,0.7490813073265615,0.7481311098332375,0.6788734229869273,0.9308497228980975,search3
adamw,2,"(64, 32)",0.001,0.4,0.0001,256,0.7697469099470277,0.8043556685774219,0.7341339459249827,0.7264232317423807,0.6625613476129815,0.9290015604071518,search3
adamw,2,"(64, 32)",0.002,0.4,0.0001,512,0.7802825191288993,0.8042330037323687,0.7438762016047376,0.7338987924094307,0.6750484648379358,0.9327043870078846,search3
adam,4,"(64, 32)",0.001,0.3,0.001,512,0.7885815185403179,0.8041968630096993,0.7485707123422581,0.734617596319724,0.6844312849644523,0.93390522991341,search3
adam,4,"(128, 64)",0.001,0.4,0.0001,256,0.7967628016480283,0.8040292268367453,0.7588412625460568,0.7610695802185163,0.6946123609905293,0.9373051149980182,search3
adam,4,"(64, 32)",0.002,0.2,0.0001,512,0.8008240141259565,0.8039548965493712,0.7586344860999574,0.7363427257044278,0.69522022923943,0.9381544290008302,search3
adamw,4,"(64, 32)",0.002,0.3,0.0001,512,0.7960565038257799,0.8038938497022147,0.7530587016837119,0.7399367452558941,0.6889003168068277,0.9362816615737618,search3
adamw,4,"(64, 32)",0.001,0.2,0.001,512,0.7898763978811065,0.8037388429318937,0.7518143957193729,0.7455434157561817,0.6874559325646199,0.9329260897398591,search3
adamw,8,"(256, 128)",0.005,0.4,0.001,512,0.8026486168334315,0.8035653540419977,0.7657273164770538,0.7810523289246694,0.7022892961841887,0.9405131680656048,search3
rmsprop,4,"(64, 32)",0.001,0.3,0.001,256,0.7942907592701589,0.8035101837897815,0.7568536242905896,0.7528752156411731,0.6923753128374297,0.9380137702305221,search3
adam,8,"(64, 32)",0.002,0.4,0.0001,256,0.7791053560918187,0.8035057057044982,0.743256213889696,0.7436745255894192,0.667447162486906,0.9318831535016256,search3
rmsprop,8,"(128, 64)",0.005,0.4,0.001,256,0.7748675691583284,0.8034718398414675,0.7352038753888036,0.6473548016101207,0.6671112145606868,0.9328967713230066,search3
sgd,4,"(64, 32)",0.005,0.3,0.0001,256,0.7736315479693937,0.8034630041587311,0.7362948346281962,0.7523001725129385,0.6617885006906141,0.9270291174804418,search3
rmsprop,4,"(128, 64)",0.001,0.4,0.001,256,0.7972925250147146,0.8034532346266947,0.756332839166118,0.7547441058079356,0.6968574737013927,0.9370049046289894,search3
rmsprop,2,"(128, 64)",0.001,0.4,0.001,256,0.8107121836374338,0.8034374202558912,0.7711855447148204,0.7650948821161587,0.7079912184471624,0.942398682548465,search3
adamw,2,"(64, 32)",0.0005,0.2,0.001,256,0.7726309593878752,0.8034344021592487,0.7373082126389542,0.7390741805635422,0.6648018852227081,0.9272009627147387,search3
adamw,8,"(128, 64)",0.002,0.4,0.0001,512,0.7808122424955857,0.8034325027605478,0.7420451512427394,0.7268545140885566,0.6728015474848675,0.9327319260496728,search3
adam,2,"(64, 32)",0.0005,0.3,0.001,256,0.7690994702766333,0.8034289486440133,0.7345171834517922,0.7419493962047153,0.6604414019090571,0.9259797439232215,search3
adam,2,"(256, 128)",0.001,0.4,0.0001,512,0.8024720423778693,0.8032645941862918,0.763159757198299,0.7721391604370328,0.7007963724112127,0.9385125882275224,search3
adamw,4,"(128, 64)",0.002,0.4,0.0001,512,0.7905826957033549,0.8032067235245939,0.7516067382382694,0.7557504312823462,0.6876953099278725,0.9359237991637769,search3
adam,2,"(128, 64)",0.001,0.3,0.0001,256,0.8142436727486757,0.8031838022930199,0.7708939377979768,0.7811470006591957,0.7105234548204522,0.9433814358471784,search3
sgd,2,"(64, 32)",0.005,0.2,0.0001,512,0.77781047675103,0.8031831895616278,0.7425925086849027,0.7613571017826337,0.6637434517259153,0.9285917004854202,search3
rmsprop,8,"(128, 64)",0.005,0.4,0.0001,256,0.7951736315479694,0.8030987532545636,0.7537738802899048,0.7453996549741231,0.6893721655570344,0.9369973673617022,search3
adamw,2,"(128, 64)",0.002,0.3,0.0001,512,0.8127133608004709,0.8030565740057011,0.7696923404033198,0.7784646348476135,0.7108550933742881,0.9431617321063017,search3
adamw,4,"(64, 32)",0.005,0.3,0.0001,512,0.7841671571512655,0.8030405850784965,0.741313022543328,0.7134847613571018,0.6731448819385053,0.9331219806374521,search3
adam,8,"(128, 64)",0.001,0.3,0.001,256,0.80364920541495,0.8030087817804884,0.7619515734243087,0.7669637722829212,0.6991535973336716,0.9407820572197515,search3
rmsprop,2,"(256, 128)",0.002,0.4,0.001,256,0.8087110064743968,0.8029685597041042,0.7694532729755846,0.773289246693502,0.7066459910655936,0.9414669878073552,search3
adamw,8,"(128, 64)",0.001,0.4,0.0001,256,0.7920541494997058,0.8028781751681048,0.7524585657378801,0.7491374353076481,0.6808769551710486,0.9352040434965357,search3
adam,8,"(128, 64)",0.002,0.2,0.001,256,0.8081812831077104,0.8028721178414191,0.7661233091783121,0.7715641173087981,0.7054418810910308,0.9402208761144243,search3
adam,8,"(128, 64)",0.005,0.2,0.0001,256,0.8126545026486168,0.8028368420786521,0.768539776616978,0.7784646348476135,0.7120714226661711,0.9421220474882291,search3
adam,4,"(64, 32)",0.001,0.2,0.0001,512,0.7902295467922307,0.8027748310543933,0.7534455950755358,0.749568717653824,0.6869799026476551,0.933387492674688,search3
adamw,4,"(64, 32)",0.001,0.2,0.0001,512,0.7923484402589759,0.8026852324338886,0.7530749527570121,0.7546003450258769,0.6865063082026619,0.9342846486031681,search3
rmsprop,4,"(64, 32)",0.001,0.4,0.001,256,0.7806945261918776,0.8025451135954845,0.7429556365148264,0.7195227142035653,0.6788485618041715,0.93020563827831,search3
rmsprop,2,"(64, 32)",0.005,0.3,0.001,512,0.7769864626250735,0.8025029543821839,0.7435456370917618,0.7384991374353076,0.6761409151964412,0.9303758250563315,search3
adamw,4,"(64, 32)",0.002,0.2,0.001,512,0.7981753972925251,0.8025011127572603,0.7539893074119658,0.7413743530764807,0.6857841255724773,0.9384605345741406,search3
adamw,4,"(256, 128)",0.005,0.4,0.0001,512,0.8080047086521484,0.802483529493367,0.7673616255763961,0.761213341000575,0.7108852789426758,0.9394007172479046,search3
adam,2,"(128, 64)",0.002,0.2,0.001,512,0.818422601530312,0.8024170856696836,0.7736946979136272,0.7686222808174028,0.7176202155014388,0.9437605607566558,search3
adamw,2,"(128, 64)",0.001,0.3,0.0001,256,0.8076515597410241,0.8022426752811765,0.7660417397651594,0.7699827487061529,0.7050989778495531,0.942431903842408,search3
adam,4,"(128, 64)",0.001,0.3,0.001,256,0.8153031194820483,0.8021948466900469,0.7712931125312594,0.768688901667625,0.7150290821632466,0.9423787631158077,search3
adam,8,"(64, 32)",0.002,0.3,0.001,512,0.7974102413184226,0.8021850255595774,0.7596305880079176,0.7711328349626222,0.692566480542142,0.9366995480931729,search3
adamw,8,"(128, 64)",0.001,0.4,0.001,256,0.7928193054738081,0.8021667141539671,0.7523812379072444,0.7498562392179413,0.6831333097926846,0.9356449234441261,search3
adamw,2,"(64, 32)",0.0005,0.2,0.0001,256,0.7704532077692761,0.8021455014343379,0.7353042209110138,0.7357676825761932,0.6624407297426538,0.9268206300312588,search3
adamw,8,"(64, 32)",0.002,0.2,0.0001,256,0.8116539140670983,0.8021336215812828,0.7705093453955735,0.7689764232317424,0.7091029880347484,0.9420470260734897,search3
adam,4,"(256, 128)",0.005,0.4,0.0001,512,0.8072984108299,0.8019798413715851,0.7636657606200554,0.7547441058079356,0.7086553676919636,0.9420179919494132,search3
adamw,8,"(64, 32)",0.005,0.3,0.001,512,0.8012948793407887,0.801976809551955,0.7611749119704797,0.7402242668200115,0.7023893294746788,0.9378274875674526,search3
adam,8,"(128, 64)",0.001,0.4,0.0001,256,0.7919364331959976,0.8019748811977504,0.7532081012389623,0.7563254744105808,0.6836359231083264,0.9354822035878042,search3
adam,2,"(256, 128)",0.002,0.3,0.001,512,0.8143613890523838,0.801887583785021,0.7700715672602212,0.7758734344100198,0.7108363886489659,0.9426371485594732,search3
rmsprop,8,"(128, 64)",0.005,0.3,0.0001,256,0.8006474396703943,0.8018619119178312,0.75623651467388,0.7246981023576768,0.7001457361909619,0.9383794565657309,search3
adam,2,"(256, 128)",0.001,0.4,0.001,512,0.807416127133608,0.8018555871301188,0.7685220385119242,0.7780333525014376,0.7028045772694993,0.9412636853506126,search3
adam,2,"(256, 128)",0.005,0.3,0.0001,512,0.8138316656856974,0.8017510729944922,0.7668267520971807,0.7765326301911668,0.7047225955684109,0.9424296251417544,search3
sgd,2,"(64, 32)",0.002,0.2,0.001,256,0.7660388463802237,0.8017264593068693,0.7324131924095024,0.7527298344487495,0.6508040781667215,0.9227595587226025,search3
adam,8,"(256, 128)",0.005,0.4,0.0001,512,0.8027663331371395,0.8016455532383412,0.7617777005978087,0.7719953996549741,0.7035719133961973,0.9413900827797339,search3
rmsprop,2,"(64, 32)",0.002,0.3,0.001,512,0.7824014125956446,0.8015420659938699,0.7447521547040893,0.7288671650373778,0.6796318200544786,0.9290419111985392,search3
adamw,8,"(64, 32)",0.005,0.3,0.0001,512,0.78875809299588,0.8014922726826188,0.7504966542048953,0.7268545140885566,0.687814908407066,0.9341459716166262,search3
sgd,4,"(64, 32)",0.005,0.3,0.001,256,0.7758092995879929,0.801454536250962,0.7363967653165684,0.7459746981023577,0.6666392075248737,0.9283975943269249,search3
adamw,4,"(64, 32)",0.001,0.3,0.001,512,0.7799882283696292,0.8014502666178588,0.7430410159613245,0.7418056354226567,0.6753901468145516,0.9301197687361317,search3
adamw,2,"(256, 128)",0.0005,0.4,0.001,256,0.7882872277810477,0.8014245696376018,0.7509985473708625,0.75747556066705,0.6833654517956909,0.9328384956401021,search3
rmsprop,4,"(64, 32)",0.001,0.2,0.001,256,0.8013537374926427,0.8014160052583282,0.7610623224717173,0.7688326624496837,0.6987560325324247,0.9377079230006372,search3
adam,8,"(64, 32)",0.001,0.3,0.0001,256,0.785226603884638,0.8013759639136895,0.7499720950314778,0.75747556066705,0.6786256435001847,0.9320133617028449,search3
adam,8,"(256, 128)",0.002,0.4,0.0001,256,0.807533843437316,0.8012564903493812,0.7673608414090504,0.772857964347326,0.7058675592828172,0.9406529533345497,search3
rmsprop,8,"(128, 64)",0.002,0.4,0.0001,256,0.809181871689229,0.8012308862737497,0.7664634087616511,0.7633697527314549,0.7056258775182002,0.9414785408023244,search3
adam,2,"(64, 32)",0.001,0.4,0.001,512,0.7649793996468511,0.8012107945849699,0.7313277139414941,0.7327487061529615,0.6564926734368048,0.9258168562213335,search3
adam,4,"(64, 32)",0.0005,0.2,0.001,256,0.790641553855209,0.8011253941008035,0.7540571604692219,0.765382403680276,0.6878464424150835,0.9345076911900468,search3
adamw,4,"(64, 32)",0.002,0.3,0.001,512,0.7868157739846969,0.8011185232754183,0.7439885840486756,0.7182288671650374,0.6759540044817172,0.9334082781429128,search3
adamw,8,"(128, 64)",0.002,0.4,0.001,512,0.7756327251324309,0.8010335696117252,0.7414588577796201,0.7439620471535365,0.6732084564702928,0.9322166180784045,search3
rmsprop,2,"(128, 64)",0.001,0.4,0.0001,256,0.8007062978222483,0.8010228095544504,0.7610592783184017,0.7576193214491087,0.6985097955111282,0.9391882162073505,search3
rmsprop,2,"(64, 32)",0.005,0.2,0.001,256,0.796291936433196,0.8010033644928422,0.7552288710152432,0.7580506037952847,0.6947772310384569,0.9378921283046177,search3
adamw,4,"(64, 32)",0.001,0.3,0.0001,512,0.779635079458505,0.8009645848396749,0.7434793344067613,0.7406555491661875,0.675136864986716,0.9304527670002125,search3
adam,8,"(128, 64)",0.001,0.3,0.0001,256,0.7961742201294879,0.8009097083966211,0.7572455924033771,0.7459746981023577,0.6915275473567104,0.9353439673351455,search3
adamw,4,"(128, 64)",0.001,0.4,0.001,256,0.7939964685108888,0.8008970739164827,0.7570647402801493,0.7724266820011501,0.6907492534480417,0.9371013318643157,search3
adam,8,"(64, 32)",0.002,0.2,0.001,256,0.811183048852266,0.800650218916315,0.7654293432255747,0.761644623346751,0.7072720355856881,0.9420459696819276,search3
adam,8,"(128, 64)",0.002,0.3,0.001,512,0.7962330782813419,0.800589317670056,0.7546292481238495,0.7607820586543991,0.6875983927835077,0.9381007260398748,search3
adam,8,"(128, 64)",0.001,0.4,0.001,512,0.7776927604473219,0.8004892865599883,0.740456962940832,0.733323749281196,0.6672369160482303,0.9292048257047124,search3
adam,4,"(128, 64)",0.001,0.4,0.001,512,0.7829311359623308,0.8004715262695563,0.7468661885014966,0.7528752156411731,0.6761889345879131,0.9305972242096873,search3
adamw,2,"(256, 128)",0.001,0.4,0.0001,256,0.8049440847557386,0.8004714560078602,0.7629032175149119,0.7793271995399655,0.6985817596592284,0.9414402355245435,search3
adamw,4,"(128, 64)",0.002,0.3,0.0001,512,0.8025897586815774,0.8004572020779661,0.7624613545589366,0.7751581368602645,0.700404638788156,0.9377831723571509,search3
rmsprop,2,"(64, 32)",0.005,0.4,0.001,256,0.7705709240729841,0.8004156015274869,0.7354795136250981,0.7002587694077056,0.6717525370421706,0.929237378978539,search3
adamw,4,"(128, 64)",0.002,0.3,0.0001,256,0.8120659211300765,0.8003194949173866,0.7718575047070521,0.7702702702702703,0.7135134136557422,0.9416191275984689,search3
sgd,2,"(64, 32)",0.002,0.2,0.0001,256,0.7637433784579164,0.8002928662835078,0.7306182663753114,0.749207467418105,0.6475040366020997,0.9216970435701447,search3
adamw,4,"(256, 128)",0.002,0.4,0.0001,256,0.8064743967039435,0.8002643673436616,0.7636547338543435,0.7563254744105808,0.7068715134086959,0.9390233950358992,search3
adam,2,"(256, 128)",0.001,0.4,0.0001,256,0.805532666274279,0.8002606588435176,0.7618577606886993,0.7724266820011501,0.7008587808640925,0.9409214397920013,search3
adamw,2,"(256, 128)",0.001,0.4,0.0001,512,0.8011183048852266,0.8001308820601887,0.7613238638016,0.7740080506037953,0.6977204349044962,0.9372685290362927,search3
sgd,2,"(256, 128)",0.005,0.4,0.0001,256,0.7776927604473219,0.8001034098742678,0.7395099345944063,0.7476998274870615,0.6674853835659486,0.9272336716841917,search3
adamw,2,"(256, 128)",0.0005,0.4,0.0001,256,0.7872277810476751,0.7999938728507537,0.7495163779574,0.7544565842438183,0.680696564676827,0.9327724758289707,search3
rmsprop,2,"(64, 32)",0.002,0.3,0.0001,512,0.788934667451442,0.7999508637728368,0.7522831480369051,0.7410868315123634,0.6860958778937302,0.9360396070834759,search3
adamw,8,"(64, 32)",0.001,0.3,0.001,256,0.7892878163625662,0.7999315542943449,0.7533408494801286,0.7576193214491087,0.6843319229448684,0.9321187704856714,search3
adamw,8,"(64, 32)",0.005,0.4,0.001,512,0.7806356680400235,0.7999123277026977,0.74268232892523,0.7154974123059229,0.6759443015557084,0.9306450520428525,search3
adam,2,"(128, 64)",0.001,0.4,0.0001,512,0.7810476751030018,0.7999052835559803,0.7455015071664413,0.7581943645773433,0.6760174798543508,0.9316234151027639,search3
rmsprop,4,"(128, 64)",0.005,0.4,0.001,512,0.7825191288993526,0.7998945335164865,0.7451909280976946,0.7242668200115009,0.6879850778676042,0.9309296914547239,search3
rmsprop,2,"(64, 32)",0.001,0.2,0.0001,256,0.7941730429664509,0.7998502125209637,0.754709020206978,0.7563254744105808,0.6949280795225603,0.9374304825125095,search3
adam,2,"(256, 128)",0.0005,0.4,0.0001,256,0.7885815185403179,0.7998093740079807,0.7510073825714824,0.7603507763082231,0.6829412474516097,0.9331663196419063,search3
adam,8,"(256, 128)",0.005,0.2,0.001,512,0.8059446733372572,0.7997914003250927,0.762500924982464,0.7870797626895187,0.7016197109171252,0.939417704219613,search3
adam,4,"(256, 128)",0.005,0.3,0.0001,256,0.8177751618599176,0.799757960011905,0.7736784834544572,0.7607119314436388,0.7186158394823703,0.9430551521145037,search3
adam,8,"(256, 128)",0.005,0.3,0.0001,256,0.8158917010005886,0.7997379148440529,0.7721426999508424,0.7587343441001978,0.7152742437154129,0.9434025019187486,search3
rmsprop,4,"(128, 64)",0.002,0.4,0.0001,256,0.7983519717480871,0.7996000231092913,0.7584157914566519,0.7481311098332375,0.7037123740160515,0.9380416894611123,search3
rmsprop,8,"(64, 32)",0.005,0.2,0.0001,256,0.8148911124190701,0.7995468075594157,0.7687529287346019,0.7682576193214491,0.7125416216121385,0.9426872910253229,search3
adam,2,"(128, 64)",0.005,0.2,0.0001,512,0.8174808711006475,0.7994865039492626,0.7718376433772879,0.7597757331799885,0.7162173593542789,0.9434152693165782,search3
rmsprop,8,"(64, 32)",0.001,0.3,0.001,256,0.7811653914067098,0.7992320786630364,0.7433730996151836,0.7488499137435307,0.6710550588345399,0.9288823153944001,search3
adam,4,"(64, 32)",0.0005,0.3,0.001,256,0.7766921718658034,0.7991861243575404,0.7395511172185699,0.7524439332949971,0.6663925080590097,0.9302380563738689,search3
adam,8,"(256, 128)",0.002,0.4,0.001,512,0.8030017657445556,0.7991738916864763,0.763974715679812,0.7880966072455434,0.7029759803222868,0.9414180072495167,search3
adam,4,"(256, 128)",0.002,0.4,0.0001,256,0.8104178928781636,0.7991709503013341,0.7672171375783398,0.7694077055779184,0.7081454311752111,0.9407906663091956,search3
rmsprop,8,"(64, 32)",0.002,0.4,0.0001,256,0.7766333137139494,0.7990805243219125,0.739347394687787,0.7070155261644623,0.6726546246164327,0.9293170908764505,search3
adamw,2,"(128, 64)",0.005,0.2,0.001,256,0.8200117716303708,0.799073109928992,0.7758585780947036,0.7521423862887278,0.7227646877736753,0.9451361554450243,search3
adamw,2,"(256, 128)",0.005,0.3,0.001,512,0.8045320776927605,0.7988844807414389,0.7625479880179885,0.7814836112708453,0.699677960227261,0.940519298269599,search3
sgd,2,"(256, 128)",0.005,0.4,0.001,256,0.7824602707474986,0.7988503511225886,0.7437179481793859,0.7521564117308798,0.6718840011765244,0.9304603604276348,search3
adamw,8,"(256, 128)",0.002,0.4,0.0001,256,0.8031194820482637,0.7987087220694092,0.7633893519613336,0.773289246693502,0.6975626739138967,0.939345542114927,search3
rmsprop,2,"(64, 32)",0.002,0.2,0.001,256,0.803766921718658,0.7986484862508144,0.761098483269623,0.7593444508338125,0.7004216241725341,0.9417692717015718,search3
rmsprop,2,"(64, 32)",0.005,0.3,0.0001,512,0.7763390229546793,0.7986114767258058,0.7398802771143164,0.7084531339850488,0.6795872006456478,0.9303820083924954,search3
adam,2,"(256, 128)",0.0005,0.4,0.001,256,0.7954679223072395,0.7984930651835006,0.7549558823376135,0.7702702702702703,0.686610549991479,0.9363527335709652,search3
adamw,8,"(64, 32)",0.002,0.4,0.0001,256,0.7753384343731606,0.7984281052264564,0.7375576177013068,0.7222541690626797,0.6673638106605528,0.9288762975903055,search3
rmsprop,4,"(128, 64)",0.002,0.4,0.001,256,0.8057092407298411,0.7984244332294592,0.7639087780931565,0.7374928119608971,0.7125892081741467,0.9383915313477696,search3
adam,4,"(64, 32)",0.0005,0.3,0.0001,256,0.7719246615656269,0.7983785353254419,0.7353286693101784,0.7438182863714778,0.6609689153971872,0.9269633651650836,search3
rmsprop,8,"(64, 32)",0.002,0.3,0.0001,256,0.7856974690994702,0.7982396330298803,0.7453184626615642,0.7364864864864865,0.6800021207101479,0.9332866628498788,search3
adamw,2,"(128, 64)",0.001,0.4,0.0001,512,0.7821659799882283,0.798217182496778,0.7454998572428786,0.7597757331799885,0.6785770957436206,0.9313791549903686,search3
rmsprop,2,"(64, 32)",0.002,0.3,0.0001,256,0.7916421424367275,0.7981420474934166,0.7528043089220701,0.75,0.6872834589690223,0.9382379128924745,search3
rmsprop,8,"(64, 32)",0.001,0.4,0.001,256,0.7710417892878164,0.7981109333638409,0.7357803874267711,0.731311098332375,0.6646072120409936,0.9258118778329538,search3
rmsprop,8,"(64, 32)",0.005,0.4,0.001,512,0.7799293702177752,0.7979672052424925,0.7441417164878296,0.7386428982173663,0.6785713721455009,0.9282657975880046,search3
adamw,2,"(256, 128)",0.005,0.3,0.0001,512,0.809358446144791,0.7978549992351384,0.765770202089064,0.7719182597231378,0.7035914204746021,0.9408967404275339,search3
adamw,8,"(128, 64)",0.002,0.3,0.001,512,0.7924661565626839,0.7975926837800148,0.7521908708175342,0.7527314548591144,0.6884132838246106,0.9344038847927182,search3
rmsprop,2,"(128, 64)",0.002,0.4,0.001,512,0.8022954679223072,0.7975772849412731,0.765314279625252,0.7607820586543991,0.6993202719219427,0.9380822603377134,search3
rmsprop,8,"(64, 32)",0.005,0.4,0.0001,512,0.7719246615656269,0.7975655756649526,0.7376020241343101,0.7334675100632547,0.6737788133804088,0.9269907012534576,search3
rmsprop,2,"(64, 32)",0.002,0.4,0.001,256,0.7875220718069452,0.797508606466304,0.7475530976089045,0.7223979298447384,0.6885071273016046,0.9336811657968441,search3
rmsprop,8,"(64, 32)",0.005,0.2,0.0001,512,0.7879929370217775,0.7975039074409215,0.750549397647613,0.7497124784358827,0.6813652203323228,0.9325957970808169,search3
rmsprop,8,"(128, 64)",0.002,0.4,0.001,256,0.7837551500882872,0.7974755929380275,0.7395491189161009,0.7185163887291547,0.671631771787349,0.933935465978737,search3
adam,4,"(128, 64)",0.001,0.4,0.0001,512,0.7774573278399058,0.7974591746185439,0.7426529200696979,0.7661012075905693,0.6703935616109045,0.9283237578689315,search3
rmsprop,2,"(256, 128)",0.005,0.3,0.001,256,0.7902884049440848,0.7972885092333275,0.7431720739761163,0.7123346751006325,0.6750134275716317,0.934958474780876,search3
rmsprop,2,"(256, 128)",0.001,0.4,0.001,256,0.8120659211300765,0.7972735522747834,0.7694547620001728,0.7646671061305208,0.7082977743064334,0.9411921193819645,search3
sgd,2,"(256, 128)",0.005,0.3,0.001,256,0.7878752207180695,0.797245038102421,0.746586009860053,0.7497124784358827,0.6794923810605569,0.9325897037469918,search3
adam,2,"(128, 64)",0.005,0.2,0.0001,256,0.8147145379635079,0.7972062874047573,0.7711204481863138,0.7574159525379037,0.7107366285352557,0.9436460648156425,search3
adamw,8,"(64, 32)",0.002,0.2,0.001,512,0.7874632136550912,0.7972005225149353,0.7484410731072629,0.7475560667050029,0.6811623010870096,0.9327646236358302,search3
adam,8,"(64, 32)",0.001,0.3,0.001,256,0.788816951147734,0.7971867431259493,0.7502724076794228,0.7592006900517538,0.6804744115028041,0.9337807119146396,search3
adam,8,"(128, 64)",0.002,0.3,0.0001,512,0.7871689228958211,0.7971629267439003,0.7461433233307145,0.7501437607820587,0.6810532608342628,0.9338962644778478,search3
adam,2,"(128, 64)",0.001,0.3,0.001,512,0.7967628016480283,0.7971468851204238,0.7581694427682483,0.7725704427832087,0.6948204899330809,0.9381668583120814,search3
adam,2,"(128, 64)",0.0005,0.4,0.001,256,0.7763390229546793,0.7971014404866837,0.7387756265717919,0.7517251293847038,0.6705653122253717,0.9291877774203958,search3
rmsprop,2,"(256, 128)",0.001,0.4,0.0001,256,0.811124190700412,0.7970650851364897,0.7680938538779701,0.7653263019116677,0.7061552662750453,0.9405993563055625,search3
rmsprop,2,"(64, 32)",0.002,0.2,0.0001,256,0.7981753972925251,0.7970646193782936,0.7552764312151038,0.7469810235767682,0.6958073353379168,0.9401159624439005,search3
rmsprop,4,"(64, 32)",0.002,0.4,0.001,512,0.7676868746321366,0.7970081057828303,0.7336206551703776,0.7054341575618172,0.6643414324112928,0.9266584941137411,search3
rmsprop,2,"(128, 64)",0.002,0.4,0.0001,256,0.8122424955856387,0.7969792628076872,0.7721737473686211,0.7659854976928148,0.7043377597659262,0.94292936972545,search3
sgd,4,"(128, 64)",0.005,0.3,0.001,256,0.7839905826957033,0.7968894908658503,0.7477681172440561,0.7566129959746981,0.6811167330977907,0.9305961931463754,search3
sgd,2,"(64, 32)",0.005,0.4,0.001,256,0.7567392583872866,0.7968837259760283,0.721508081681128,0.7190914318573893,0.6403092754305839,0.9228086573984801,search3
rmsprop,4,"(64, 32)",0.005,0.3,0.0001,256,0.7871689228958211,0.7968099970299668,0.7530460537257678,0.7768832662449684,0.6859045659375365,0.9372607081778378,search3
adamw,8,"(128, 64)",0.002,0.3,0.0001,512,0.788934667451442,0.7967127906596477,0.7474223409687784,0.7442495687176538,0.6826755948897725,0.9346047298578468,search3
adam,8,"(64, 32)",0.002,0.2,0.001,512,0.7975279576221307,0.7967010940084757,0.7568776693139404,0.765813686026452,0.6910052023343258,0.9375714494173066,search3
rmsprop,2,"(64, 32)",0.002,0.4,0.0001,512,0.7839905826957033,0.7966364039825956,0.743583402121656,0.7199539965497412,0.6791344187507677,0.9338734119421584,search3
adamw,8,"(256, 128)",0.005,0.4,0.001,256,0.8158917010005886,0.7966211407269704,0.7712798757466697,0.7495056031641397,0.7123467377976183,0.944525155340966,search3
adam,4,"(128, 64)",0.002,0.2,0.001,256,0.8095938787522072,0.79662053691552,0.7612302245442732,0.7366302472685451,0.7060838400709971,0.9408729421643574,search3
adamw,4,"(128, 64)",0.001,0.4,0.001,512,0.777751618599176,0.7965937978115917,0.7426678068860945,0.7635135135135135,0.6718557756889456,0.9273843154212188,search3
adamw,4,"(256, 128)",0.005,0.3,0.0001,256,0.8140082401412596,0.7965620736952216,0.7711276001442734,0.7587343441001978,0.7146107736432146,0.9408034381185445,search3
adam,4,"(64, 32)",0.001,0.4,0.001,512,0.7660388463802237,0.7965501296185847,0.729072225921302,0.7336112708453134,0.6556943661123784,0.9245776650540295,search3
adamw,2,"(128, 64)",0.005,0.2,0.0001,256,0.8201294879340789,0.7965088844934819,0.7741169775595637,0.7429136453526698,0.7219621691294704,0.9453709014626303,search3
adam,8,"(128, 64)",0.001,0.2,0.001,256,0.8097115950559153,0.7964891607179972,0.7677346033476408,0.7692814765985497,0.7055404793083964,0.9380919214395388,search3
sgd,8,"(128, 64)",0.005,0.3,0.001,256,0.7775161859917599,0.7964718108821215,0.7400569942986897,0.7433870040253019,0.6691905741026114,0.9269648642654577,search3
rmsprop,2,"(64, 32)",0.005,0.4,0.001,512,0.7695703354914656,0.796437470478183,0.7266619096649589,0.6312535940195515,0.6648732392445493,0.9270787284668355,search3
adamw,8,"(256, 128)",0.002,0.4,0.001,512,0.7975279576221307,0.7963229079594139,0.7583574430173727,0.7862277170787809,0.6939482325163007,0.9370670099787031,search3
adamw,8,"(128, 64)",0.001,0.3,0.0001,256,0.7942907592701589,0.7962787125292268,0.7546217182820262,0.7468372627947096,0.686639043183974,0.9345966101635882,search3
adamw,2,"(128, 64)",0.002,0.2,0.0001,512,0.8067686874632136,0.7962482223838934,0.765697087400279,0.7732366512854317,0.7045242035204278,0.938994056287072,search3
adam,2,"(64, 32)",0.0005,0.3,0.0001,256,0.7587404355503237,0.7962333645053191,0.7243792909720135,0.7369177688326625,0.647733548568416,0.921928123720749,search3
rmsprop,8,"(128, 64)",0.005,0.2,0.001,256,0.7986462625073573,0.7962123528274567,0.7562744527751465,0.7367740080506038,0.6926741107909692,0.9385209941188992,search3
adamw,2,"(64, 32)",0.001,0.4,0.001,512,0.7566215420835786,0.7961989110239633,0.7223150160595554,0.7357676825761932,0.6407998484698392,0.9226162591379442,search3
adamw,8,"(128, 64)",0.005,0.2,0.001,512,0.803708063566804,0.7960651208157081,0.7610950028914699,0.7738642898217366,0.6958349739592431,0.9380643345605731,search3
adam,2,"(128, 64)",0.001,0.2,0.001,256,0.8157151265450265,0.7960596484999799,0.7706633454721024,0.7488464073829928,0.7084286536129785,0.9421636962037004,search3
rmsprop,4,"(256, 128)",0.002,0.4,0.001,256,0.8115950559152443,0.7960338849632334,0.7709299672263583,0.7593935398813447,0.712765954952332,0.9409925238629158,search3
adamw,4,"(128, 64)",0.005,0.2,0.001,512,0.8098293113596233,0.7959570049447805,0.7639423146613215,0.7409430707303047,0.7123249039709879,0.9406563987684283,search3
adamw,8,"(128, 64)",0.001,0.4,0.001,512,0.7705120659211301,0.7959527515048026,0.7327524340989742,0.731311098332375,0.6613046884329935,0.9247836933831873,search3
adam,2,"(128, 64)",0.0005,0.3,0.001,256,0.7898763978811065,0.7958783283128031,0.7495756704307968,0.7587694077055779,0.6837496768651389,0.9337367585572237,search3
rmsprop,2,"(64, 32)",0.005,0.3,0.001,256,0.7772807533843438,0.7958711812436793,0.7364851123516329,0.7390741805635422,0.6766276588146883,0.9270723697375581,search3
adam,4,"(128, 64)",0.005,0.2,0.0001,512,0.8158917010005886,0.7958553719503811,0.7754347381254628,0.7528015820698748,0.7199349586218986,0.9421186123077687,search3
adamw,2,"(128, 64)",0.001,0.3,0.0001,512,0.7886992348440259,0.7958519973305233,0.7513488422322304,0.7652386428982174,0.6842871015600515,0.9337440443399315,search3
adamw,8,"(64, 32)",0.002,0.2,0.001,256,0.8033549146556798,0.7958231292423131,0.7578412497616033,0.7412305922944221,0.6976669306367702,0.9404232876928905,search3
rmsprop,2,"(64, 32)",0.001,0.2,0.0001,512,0.7825779870512066,0.7957399281413545,0.742491009771209,0.7265669925244393,0.6760571100043651,0.931189681008942,search3
rmsprop,4,"(64, 32)",0.005,0.2,0.0001,256,0.7933490288404944,0.7957112859335185,0.75449146262502,0.7862277170787809,0.6870029881773202,0.9362002841881543,search3
rmsprop,4,"(64, 32)",0.002,0.3,0.001,256,0.790876986462625,0.795697757675204,0.747554082260566,0.7360552041403106,0.6860690967467953,0.9361425471744614,search3
adamw,2,"(64, 32)",0.0005,0.3,0.001,256,0.7586227192466156,0.7956835689295004,0.724291630776722,0.7380678550891316,0.648258399799805,0.9219100844255217,search3
adamw,8,"(64, 32)",0.005,0.4,0.0001,512,0.7680988816951148,0.7956824968897164,0.7274294444623571,0.6851638872915469,0.6680955704954962,0.9280123261727146,search3
adamw,2,"(64, 32)",0.0005,0.3,0.0001,256,0.7565038257798705,0.79565405297905,0.7223659265419178,0.7340425531914894,0.6460464426591961,0.9214877079347863,search3
adamw,8,"(128, 64)",0.001,0.3,0.001,256,0.7905238375515009,0.7955134458767507,0.7521481706438843,0.7487061529614721,0.6844157468090345,0.9336196112504939,search3
rmsprop,8,"(64, 32)",0.005,0.3,0.0001,512,0.7837551500882872,0.7954682109302599,0.7455799331200706,0.7359114433582519,0.6881630076061265,0.9307566003946759,search3
adamw,4,"(128, 64)",0.001,0.3,0.001,256,0.799941141848146,0.7954579454494549,0.759925419512418,0.778320874065555,0.697584065465986,0.936313011310038,search3
adam,4,"(64, 32)",0.001,0.4,0.0001,512,0.7608004708652149,0.7953745597743143,0.72555753327494,0.7359114433582519,0.6483062298963025,0.9221180850405478,search3
adam,4,"(64, 32)",0.0005,0.2,0.0001,256,0.785167745732784,0.7953722699566188,0.747503542080388,0.7603507763082231,0.6806519837962677,0.9316165845653241,search3
adamw,8,"(128, 64)",0.005,0.2,0.0001,512,0.805532666274279,0.7953670412239187,0.7634203342121199,0.7721391604370328,0.700665131970102,0.9379123861162605,search3
adamw,8,"(256, 128)",0.005,0.3,0.001,256,0.8078869923484403,0.7953478246500524,0.7656707097678268,0.7659854976928148,0.7043481857900284,0.940167646394744,search3
rmsprop,4,"(128, 64)",0.005,0.2,0.001,256,0.7896998234255445,0.7953459377392701,0.7478155676944862,0.7638010350776309,0.6938778014729959,0.9321827284297625,search3
adam,8,"(128, 64)",0.005,0.2,0.0001,512,0.807533843437316,0.7953007166529966,0.7649939612519581,0.7699406723796968,0.6983888627368062,0.9407824779239341,search3
adamw,4,"(256, 128)",0.002,0.4,0.001,256,0.8101824602707475,0.7952932708344349,0.7674072071918601,0.7646635997699828,0.7097244019380393,0.940428634301707,search3
sgd,4,"(128, 64)",0.005,0.3,0.0001,256,0.7779870512065921,0.7952188550528486,0.7421540430836745,0.7561817136285222,0.6738799340111469,0.9272842696460882,search3
rmsprop,8,"(128, 64)",0.001,0.3,0.001,256,0.7983519717480871,0.7952037512583382,0.7604286741290275,0.773720529039678,0.6902909560180359,0.9384930717100968,search3
adam,8,"(64, 32)",0.002,0.2,0.0001,256,0.8086521483225426,0.7950886577971826,0.7670326878442347,0.7666446934739618,0.7063166732516792,0.9403030330957689,search3
adam,8,"(128, 64)",0.001,0.4,0.0001,512,0.7693349028840495,0.795070638828436,0.7309391981858332,0.7208165612420931,0.6599559383700542,0.9251615485483448,search3
adam,8,"(256, 128)",0.005,0.3,0.0001,512,0.8126545026486168,0.7950399918293551,0.7692743053152017,0.7554383651944627,0.7137684355147245,0.9416819348424369,search3
adam,4,"(256, 128)",0.001,0.4,0.001,256,0.8087698646262508,0.7950137788647679,0.7649724324122354,0.7673038892551087,0.7034764351241356,0.9406372569082423,search3
adam,8,"(64, 32)",0.002,0.3,0.0001,512,0.7847557386698057,0.7949693184436922,0.7497438216195579,0.7671075330649799,0.680242468491534,0.9317255285312696,search3
adam,2,"(64, 32)",0.001,0.4,0.0001,512,0.7562095350206004,0.7949281183299882,0.7242911791064256,0.7412234354819772,0.6440240732430386,0.9225164102645631,search3
rmsprop,8,"(128, 64)",0.002,0.2,0.001,256,0.8045320776927605,0.7949207077795043,0.7620122871612184,0.7550316273720529,0.7032524237577951,0.9349906502284577,search3
adam,4,"(128, 64)",0.001,0.3,0.001,512,0.7957622130665097,0.7949149253242583,0.7547551846591906,0.7646635997699828,0.6946171363225352,0.9346895270221233,search3
rmsprop,8,"(128, 64)",0.001,0.4,0.0001,256,0.7875220718069452,0.7947486525301133,0.7491072733238306,0.7363427257044278,0.6808394494414036,0.9328368833912629,search3
adamw,2,"(128, 64)",0.001,0.4,0.001,512,0.7788110653325485,0.7946392974734137,0.74201541914419,0.7554629097182288,0.6749950073285516,0.9305927289777894,search3
adamw,4,"(128, 64)",0.001,0.4,0.0001,512,0.7726898175397292,0.7945558064057291,0.7369735997896578,0.7527314548591144,0.6664103328132447,0.9271477632502759,search3
adamw,2,"(256, 128)",0.001,0.4,0.001,512,0.7970570924072984,0.7945282602529055,0.7562298271383617,0.7708453133985049,0.6950857609970905,0.9364119005155443,search3
adamw,2,"(128, 64)",0.001,0.2,0.001,256,0.8084167157151265,0.7945160375996223,0.7623403377935739,0.7626895187870798,0.6999126536189566,0.9386737002524366,search3
adam,4,"(128, 64)",0.001,0.3,0.0001,256,0.8045320776927605,0.7945062981209285,0.7626200000884112,0.7732366512854317,0.70120044839389,0.9377229572103882,search3
adamw,4,"(128, 64)",0.005,0.2,0.0001,256,0.8140082401412596,0.794473416470562,0.7689477019074155,0.7554383651944627,0.7162213054525036,0.9417771903616182,search3
adamw,4,"(256, 128)",0.005,0.3,0.001,256,0.8138905238375514,0.7944698184404674,0.7677790881642627,0.7501647989452868,0.7071816368470151,0.9409320483604486,search3
adamw,8,"(256, 128)",0.002,0.4,0.0001,512,0.7955856386109477,0.7944407380576405,0.7552186712062813,0.7883841288096607,0.6880726853852612,0.9364091033097632,search3
rmsprop,2,"(64, 32)",0.001,0.2,0.001,512,0.7788699234844025,0.7944028447722363,0.7374451980213897,0.7213916043703278,0.6733105386706337,0.9298588912316813,search3
adam,8,"(64, 32)",0.001,0.4,0.0001,256,0.7643319599764568,0.7942700976482615,0.7302041041256638,0.7326049453709028,0.6563274502386773,0.924188588390695,search3
adam,4,"(128, 64)",0.002,0.3,0.0001,256,0.8088287227781048,0.7941323779997633,0.766491582975413,0.7640079103493738,0.7086381655617291,0.9404914897262242,search3
adam,2,"(128, 64)",0.001,0.3,0.0001,512,0.7876986462625074,0.7941283505773896,0.7500811995685671,0.7715641173087981,0.6855399788134094,0.9338566121460401,search3
rmsprop,2,"(64, 32)",0.005,0.4,0.0001,512,0.7735138316656857,0.7940810291878783,0.7316720400772372,0.6857389304197815,0.6722981710919996,0.9290240043368306,search3
rmsprop,2,"(64, 32)",0.001,0.3,0.001,512,0.7772218952324897,0.794054631649109,0.7372730564797457,0.7277170787809085,0.6672300321444095,0.9298882719330059,search3
adam,4,"(256, 128)",0.002,0.4,0.0001,512,0.8025897586815774,0.7940194638862538,0.7608725614518402,0.7643760782058654,0.7014485290418375,0.9372906041443917,search3
adamw,4,"(128, 64)",0.002,0.3,0.001,512,0.8020011771630371,0.7940024756510988,0.7618054843925884,0.7758734344100198,0.6977163544713056,0.9383842380548435,search3
adam,8,"(64, 32)",0.001,0.2,0.001,256,0.7984696880517952,0.7939937003495073,0.7589927305076856,0.7615008625646924,0.6917813198770215,0.9360922324253808,search3
sgd,2,"(64, 32)",0.005,0.4,0.0001,256,0.7543849323131254,0.7939914957515642,0.7202490909825482,0.7239792984473835,0.639425183089944,0.9210922790024542,search3
adamw,4,"(64, 32)",0.0005,0.2,0.001,256,0.7819894055326663,0.7938407022128677,0.7439707088113064,0.7580506037952847,0.6731683934534407,0.929414417348999,search3
rmsprop,2,"(64, 32)",0.002,0.4,0.001,512,0.7823425544437904,0.7937949990380434,0.7435043970894486,0.7268545140885566,0.6815090587824459,0.9322445373939892,search3
adam,2,"(128, 64)",0.002,0.2,0.001,256,0.8150088287227781,0.7937461699038945,0.7714532267006763,0.7442320369149638,0.712989052493627,0.9440422857733214,search3
adamw,4,"(64, 32)",0.0005,0.3,0.001,256,0.7682754561506768,0.7937146188343968,0.7312549352047414,0.7426682001150087,0.6559222008471426,0.9260761306469362,search3
adamw,8,"(128, 64)",0.001,0.4,0.0001,512,0.7664508534432019,0.793711162699993,0.7292429775732683,0.7269982748706153,0.6569519635191078,0.9236269247837093,search3
rmsprop,2,"(128, 64)",0.001,0.4,0.0001,512,0.7878163625662155,0.7936994045698368,0.7500142472909358,0.7514376078205866,0.6841011207386527,0.9350963298991898,search3
rmsprop,4,"(128, 64)",0.005,0.4,0.001,256,0.7785756327251324,0.7936835085472577,0.736508873550977,0.7423806785508913,0.6607912240929228,0.9318141319599423,search3
adamw,2,"(256, 128)",0.005,0.3,0.001,256,0.8071218363743379,0.7936741959907053,0.760603481124808,0.753737780333525,0.6977943792244753,0.9399449223137138,search3
adamw,4,"(64, 32)",0.0005,0.2,0.0001,256,0.7852854620364921,0.7935606164495314,0.7467028948550795,0.7619321449108684,0.6799004921917671,0.930237409113093,search3
adam,8,"(128, 64)",0.001,0.3,0.001,512,0.7853443201883461,0.7935591162525371,0.7439345830304522,0.7435307648073606,0.6709933586923377,0.9307453144840833,search3
rmsprop,2,"(64, 32)",0.005,0.4,0.0001,256,0.7650971159505592,0.7935399335744497,0.7296983365646675,0.6916331224841863,0.6646813352426241,0.9271277989369695,search3
adamw,2,"(256, 128)",0.002,0.3,0.0001,512,0.8137728075338434,0.7935363306040798,0.7678949902387555,0.7462096242584048,0.7076904446436234,0.9401541355175521,search3
adamw,8,"(256, 128)",0.001,0.4,0.0001,256,0.7985285462036492,0.7935201558676243,0.7571493536748516,0.7708453133985049,0.6981307367922878,0.9352517544841135,search3
rmsprop,4,"(128, 64)",0.001,0.3,0.001,256,0.7982931135962331,0.7935200366148628,0.7569537854305738,0.7586256469235193,0.6985083590643123,0.9344755434278511,search3
adamw,4,"(64, 32)",0.001,0.4,0.001,512,0.759211300765156,0.7934911696244917,0.7240738487653466,0.7282921219091432,0.652793203464942,0.9217429018054463,search3
adam,4,"(128, 64)",0.002,0.3,0.0001,512,0.7967628016480283,0.7934422287852246,0.7575447030812928,0.7740080506037953,0.6946764311984983,0.9362771548915431,search3
adamw,2,"(128, 64)",0.005,0.2,0.001,512,0.811183048852266,0.7934330367165024,0.7683072557094034,0.7547791694133158,0.7108914758214941,0.940409951176087,search3
rmsprop,2,"(256, 128)",0.0005,0.4,0.001,256,0.794643908181283,0.7933764892252598,0.7563355272111526,0.7753018976423232,0.6881600185892848,0.9342694558075263,search3
adamw,2,"(128, 64)",0.0005,0.3,0.001,256,0.7832254267216009,0.7933182883884825,0.7440084774497421,0.7626509488211616,0.6786205660619822,0.9299690313857735,search3
adamw,4,"(64, 32)",0.001,0.4,0.0001,512,0.7585050029429076,0.7932987265442505,0.7231986764228373,0.7298734905117884,0.6502620524299318,0.9217360918129129,search3
adam,2,"(256, 128)",0.002,0.2,0.001,256,0.8194820482636845,0.7932745047851505,0.7741014651259258,0.7297297297297297,0.7118421577997105,0.9420880449338931,search3
adamw,2,"(64, 32)",0.001,0.4,0.0001,512,0.7544437904649794,0.7932270250323633,0.7217257958005533,0.7344738355376653,0.6418079230084421,0.9216943743858185,search3
adam,8,"(64, 32)",0.002,0.4,0.001,512,0.7701000588581518,0.7931630945738419,0.7357025983486194,0.7344738355376653,0.666396418295272,0.9263558617303106,search3
adam,2,"(64, 32)",0.0005,0.4,0.001,256,0.7474985285462037,0.7930671309572714,0.7166171680086224,0.7305922944220816,0.6316085530300686,0.9174812446371998,search3
adamw,4,"(128, 64)",0.005,0.2,0.0001,512,0.8059446733372572,0.7929447135376831,0.7660621970516956,0.7653263019116677,0.7105220243889895,0.9397868705215541,search3
sgd,8,"(128, 64)",0.005,0.3,0.0001,256,0.7712183637433785,0.7929159043210894,0.732961718088216,0.7330362277170788,0.6579220542841125,0.9252479738946415,search3
rmsprop,4,"(64, 32)",0.005,0.2,0.001,512,0.7751618599175986,0.792912084115827,0.7369228509125924,0.7373490511788384,0.6747802968556705,0.9286114408220051,search3
rmsprop,2,"(64, 32)",0.0005,0.2,0.001,256,0.7709829311359623,0.7928834067771432,0.7343994475435399,0.7291546866014951,0.6643513605956581,0.9258695091878799,search3
adamw,2,"(128, 64)",0.002,0.2,0.001,256,0.8200117716303708,0.7928681398163113,0.7750945401328103,0.7257745550428477,0.7157984923010592,0.9420550684499792,search3
adamw,8,"(64, 32)",0.002,0.2,0.0001,512,0.7898763978811065,0.7927983464858371,0.7503798598130121,0.7645198389879241,0.6818289448518675,0.9328171238645764,search3
rmsprop,4,"(64, 32)",0.001,0.4,0.0001,512,0.7586227192466156,0.7927468206474132,0.7235977170611,0.7077343300747556,0.6540966308341329,0.9183030309079472,search3
rmsprop,4,"(128, 64)",0.002,0.3,0.001,256,0.8040023543260741,0.7927224569926223,0.7598053519156317,0.7573317998849913,0.7033571116801984,0.9373751405243927,search3
adam,2,"(128, 64)",0.001,0.2,0.001,512,0.8024131842260153,0.7927087215171964,0.7606977183279104,0.7705998681608438,0.6927091008962902,0.9373107109166862,search3
adamw,2,"(128, 64)",0.002,0.2,0.001,512,0.8085344320188346,0.7927005387742053,0.7642747381820136,0.7560975609756098,0.7017494388429228,0.9389640033103835,search3
rmsprop,4,"(64, 32)",0.002,0.4,0.0001,512,0.7654502648616833,0.7926434765337015,0.73140916591435,0.7351926394479587,0.6598665164832138,0.9232137175964482,search3
rmsprop,2,"(64, 32)",0.0005,0.3,0.001,256,0.7640965273690407,0.7926023744021284,0.7285159353214086,0.7344738355376653,0.6563808734713252,0.9226734201921793,search3
adam,2,"(128, 64)",0.001,0.2,0.0001,256,0.8107710417892878,0.7925838207857886,0.7651804000180175,0.7495056031641397,0.7042888812997705,0.9393341072862635,search3
rmsprop,8,"(64, 32)",0.002,0.2,0.0001,256,0.7991171277221896,0.7925578789874343,0.7575536709023242,0.7546003450258769,0.6936751696986374,0.936175919475892,search3
adam,4,"(64, 32)",0.0005,0.4,0.001,256,0.7569158328428487,0.7925554459017494,0.7209811851999928,0.7261357101782634,0.6416552798998423,0.9203207591014534,search3
rmsprop,4,"(64, 32)",0.001,0.2,0.0001,256,0.7985874043555032,0.7925438045542169,0.7595878545859899,0.7798286090969018,0.6983429329605173,0.9366364250128697,search3
rmsprop,8,"(64, 32)",0.001,0.3,0.0001,256,0.7752207180694526,0.7925082337472186,0.7381662132033032,0.727142035652674,0.6699614102782567,0.9277535901583255,search3
adam,2,"(256, 128)",0.001,0.3,0.001,256,0.818363743378458,0.7924546014302122,0.7744011932173337,0.7277521423862887,0.7104012215550479,0.9419455459008983,search3
adamw,2,"(128, 64)",0.005,0.2,0.0001,512,0.8067686874632136,0.7924386953898521,0.7647182100123165,0.7580506037952847,0.7069067114686325,0.9400047943578591,search3
rmsprop,8,"(64, 32)",0.001,0.4,0.0001,256,0.7663331371394938,0.7923325026583937,0.7313256040599146,0.7323174238067856,0.6598981272998261,0.9230277783298061,search3
rmsprop,4,"(64, 32)",0.002,0.3,0.0001,512,0.7749852854620365,0.7922424445922673,0.7372754846175802,0.7223979298447384,0.6676936870818375,0.9251128252047544,search3
rmsprop,4,"(64, 32)",0.0005,0.3,0.001,256,0.7663919952913478,0.7921004639561482,0.7299910736289815,0.7219666474985624,0.6621527607133348,0.9236060892536108,search3
rmsprop,2,"(64, 32)",0.001,0.3,0.0001,512,0.7732783990582696,0.7920708199702243,0.7352416294572418,0.7292984473835538,0.6659625476882345,0.9266131858768961,search3
adamw,4,"(256, 128)",0.002,0.4,0.001,512,0.8008828722778105,0.7920440785333881,0.7588100266037704,0.7594882116158712,0.6998902713086989,0.9366686881437003,search3
adamw,2,"(128, 64)",0.0005,0.3,0.0001,256,0.7812831077104179,0.7920316913414847,0.742277638300621,0.7597757331799885,0.6734123290486206,0.9295679120642361,search3
rmsprop,8,"(128, 64)",0.001,0.4,0.001,512,0.779752795762213,0.7919066474793173,0.7445962407210357,0.7448246118458884,0.6750057160142457,0.9287653603223996,search3
adam,8,"(128, 64)",0.0005,0.4,0.001,256,0.7727486756915832,0.791901930888511,0.7373788167213399,0.7382116158711903,0.6699284291843641,0.9253492585690187,search3
rmsprop,2,"(256, 128)",0.002,0.3,0.001,256,0.7992348440258976,0.7918940256243275,0.7555023520815416,0.7661012075905693,0.6864819422080077,0.9376379224075636,search3
adam,2,"(128, 64)",0.0005,0.2,0.001,256,0.7966450853443202,0.7918703460604638,0.7565113001936585,0.7761644623346751,0.6942386105470033,0.9338042029775107,search3
adam,4,"(256, 128)",0.005,0.3,0.0001,512,0.8084167157151265,0.7918350841579143,0.7630422768919348,0.7538815411155837,0.7127929964589779,0.9388970843734569,search3
adamw,8,"(64, 32)",0.001,0.3,0.0001,256,0.7825191288993526,0.7918276445146969,0.7447420725382782,0.7577630822311673,0.6751967114925459,0.9295281503962664,search3
adamw,8,"(64, 32)",0.002,0.3,0.0001,512,0.7838140082401412,0.7918060137928683,0.750495946305051,0.7669637722829212,0.6793771639606659,0.9309563003754086,search3
adamw,2,"(128, 64)",0.002,0.2,0.0001,256,0.820247204237787,0.7917506527911256,0.7751471399379802,0.7198417930125247,0.7184077290010193,0.9420697429109897,search3
adam,2,"(128, 64)",0.002,0.2,0.0001,512,0.8113596233078282,0.7917362896262511,0.7654353730637538,0.7435728411338167,0.704135558901619,0.9404517790443468,search3
adamw,4,"(64, 32)",0.0005,0.3,0.0001,256,0.7676280164802826,0.7916335003329243,0.7300608481154991,0.7363427257044278,0.6545010810948018,0.9258783932418044,search3
sgd,2,"(256, 128)",0.005,0.3,0.0001,256,0.7876986462625074,0.7915379787337816,0.7458471083355936,0.7498562392179413,0.6780073979695551,0.9321529627548636,search3
adamw,4,"(256, 128)",0.002,0.4,0.0001,512,0.8032960565038257,0.7914881766398185,0.7614357270745625,0.7673038892551087,0.7024825143092082,0.9368761823475573,search3
adamw,8,"(64, 32)",0.002,0.3,0.001,512,0.775985874043555,0.7913538301016496,0.742420621370976,0.7649511213341,0.6731925608677829,0.9281639983596763,search3
adamw,8,"(128, 64)",0.005,0.2,0.001,256,0.805532666274279,0.7912523440804465,0.7609853674044329,0.7600527356624918,0.704763653231393,0.9401401064018052,search3
rmsprop,4,"(64, 32)",0.002,0.3,0.001,512,0.7745732783990583,0.7912175716768614,0.737841303058496,0.7337550316273721,0.6767162782578747,0.9239395268223062,search3
rmsprop,4,"(128, 64)",0.001,0.4,0.0001,256,0.7834608593290171,0.7911792377463281,0.7446400513805586,0.7428119608970672,0.67999423416923,0.9316435761955503,search3
adamw,8,"(128, 64)",0.002,0.2,0.001,256,0.8070041200706298,0.7911208637254484,0.7633019985438393,0.7560975609756098,0.7027818253135374,0.9379481470758205,search3
adamw,8,"(64, 32)",0.001,0.4,0.0001,256,0.763095938787522,0.7911169567909052,0.7306763197512053,0.738786658999425,0.6556925769484666,0.9222633332120561,search3
rmsprop,8,"(128, 64)",0.002,0.3,0.001,256,0.7980576809888169,0.7911062947157612,0.7494907975208798,0.721679125934445,0.6853186772920246,0.9365264548078579,search3
adamw,8,"(256, 128)",0.005,0.3,0.001,512,0.8046497939964685,0.7910874283525361,0.7652608307824106,0.7554383651944627,0.703043689673359,0.93916642968678,search3
adam,2,"(128, 64)",0.0005,0.3,0.0001,256,0.7834020011771631,0.7910253997628534,0.744854839546298,0.7675388154111559,0.6783126266299733,0.9301316116216646,search3
rmsprop,4,"(64, 32)",0.001,0.4,0.001,512,0.7602118893466745,0.7909804359825957,0.7271819319928793,0.7058654399079931,0.6598570484726748,0.9189052904550999,search3
sgd,2,"(128, 64)",0.005,0.3,0.001,256,0.7834020011771631,0.790832745760294,0.7476292796105372,0.7772689914289069,0.6766079244996823,0.9295956632653194,search3
adam,2,"(256, 128)",0.002,0.3,0.0001,512,0.8133019423190112,0.7908052398158238,0.7668424838410498,0.7376400791034937,0.7062625721750685,0.9406764471196221,search3
adamw,4,"(128, 64)",0.001,0.3,0.0001,256,0.8015303119482048,0.7907131278301573,0.7609484695480321,0.7666446934739618,0.6969843399464442,0.9364921754871776,search3
adamw,2,"(128, 64)",0.001,0.3,0.001,512,0.7848734549735138,0.7906567824785208,0.7467973525848434,0.7632259919493962,0.6799066186107471,0.9334271306855902,search3
rmsprop,8,"(128, 64)",0.002,0.3,0.0001,256,0.8006474396703943,0.7906486236135281,0.7571150425206321,0.765813686026452,0.6932310483996931,0.9380663112773192,search3
adamw,8,"(256, 128)",0.005,0.3,0.0001,512,0.8115950559152443,0.7904744316949821,0.7677620647477158,0.7382992748846408,0.7118858396393439,0.9400983606111507,search3
rmsprop,4,"(64, 32)",0.0005,0.2,0.001,256,0.7858740435550323,0.790417485002033,0.747690079455611,0.7484186313973548,0.685695854501642,0.9301978009510871,search3
rmsprop,2,"(64, 32)",0.002,0.2,0.001,512,0.786874632136551,0.7903906368003542,0.7469610604143232,0.7518688901667625,0.6813078821490421,0.9334339209628123,search3
rmsprop,2,"(128, 64)",0.002,0.4,0.001,256,0.8032960565038257,0.7903502515576485,0.7599133732753903,0.7557504312823462,0.6941681771084441,0.9401163300021493,search3
adam,8,"(64, 32)",0.001,0.4,0.001,256,0.7660977045320777,0.7903425670963339,0.7305295165744959,0.7377803335250144,0.656739985919504,0.9258965618693082,search3
adamw,2,"(256, 128)",0.002,0.3,0.001,512,0.8104767510300177,0.7902122166921272,0.7661666311219267,0.7415952537903757,0.7040627575125047,0.9393789456881949,search3
rmsprop,2,"(256, 128)",0.005,0.2,0.001,256,0.8050029429075927,0.7902079231810258,0.7591077756422401,0.7567567567567568,0.6878905152181227,0.9385595601627402,search3
adam,4,"(256, 128)",0.002,0.3,0.001,512,0.8115950559152443,0.790176907033581,0.7680977838328134,0.7396176664469347,0.7098133842330576,0.9400271327226294,search3
adam,8,"(256, 128)",0.001,0.4,0.0001,256,0.7998822836962919,0.7901387450520815,0.7576122634925642,0.7705998681608438,0.695894106619932,0.9359185842309956,search3
adam,2,"(256, 128)",0.0005,0.4,0.001,512,0.7733961153619776,0.7901367752544547,0.7370408375910715,0.749568717653824,0.670957206779651,0.9254099971311985,search3
adamw,8,"(256, 128)",0.005,0.3,0.0001,256,0.8137728075338434,0.7901247849313499,0.7683665519189896,0.7363216875411998,0.7180531859858235,0.9404439229362745,search3
adamw,8,"(64, 32)",0.002,0.4,0.001,512,0.7654502648616833,0.7899482791798804,0.73159601991153,0.7324611845888441,0.6603609338072989,0.9234345089300349,search3
rmsprop,2,"(128, 64)",0.001,0.4,0.001,512,0.7894055326662743,0.7898575595285262,0.7523139234678217,0.7540253018976423,0.687761804729026,0.9336008698493794,search3
adam,2,"(256, 128)",0.001,0.3,0.001,512,0.809240729841083,0.7896225304500728,0.7669796894542807,0.7409360580092288,0.7028279288320204,0.9400589049707487,search3
rmsprop,8,"(64, 32)",0.002,0.4,0.0001,512,0.7613301942319011,0.7895442844454434,0.725285399965026,0.7027027027027027,0.6594215662527131,0.9231821494252737,search3
adamw,4,"(128, 64)",0.001,0.3,0.0001,512,0.783284284873455,0.7895270564696967,0.7448435041791678,0.7531627372052904,0.6810510909157894,0.9297393067229409,search3
adamw,8,"(256, 128)",0.002,0.4,0.001,256,0.8062978222483814,0.7894123095139757,0.7627236438497543,0.7501647989452868,0.698924299813499,0.9397539840193118,search3
rmsprop,8,"(128, 64)",0.001,0.4,0.0001,512,0.7683343143025309,0.7893739127321598,0.7326975865566968,0.727142035652674,0.6630112875959484,0.9240752517497398,search3
sgd,8,"(64, 32)",0.005,0.2,0.0001,256,0.7776339022954679,0.7892966798956979,0.7387287004098656,0.7606382978723404,0.6667773337400256,0.9274952350601925,search3
rmsprop,4,"(128, 64)",0.001,0.4,0.001,512,0.7819894055326663,0.7892429483614919,0.7442232558055037,0.753737780333525,0.6783341312105494,0.9299265723362845,search3
rmsprop,2,"(64, 32)",0.0005,0.2,0.0001,256,0.7657445556209534,0.7892333030224926,0.7284068058644739,0.7264232317423807,0.6580310254612577,0.9235040973339043,search3
sgd,2,"(128, 64)",0.005,0.3,0.0001,256,0.7793407886992348,0.7892119861453882,0.7432834083276972,0.7708113185393918,0.6714738066444359,0.9277016199980596,search3
rmsprop,2,"(256, 128)",0.005,0.4,0.0001,256,0.7942319011183049,0.7891771624178295,0.752667485446043,0.7317423806785509,0.6918716162036225,0.9349616102554951,search3
adam,8,"(128, 64)",0.002,0.2,0.0001,256,0.8105944673337258,0.7891542273260383,0.7665991455071292,0.7376400791034937,0.7050691659567598,0.939264131306623,search3
adam,4,"(128, 64)",0.002,0.2,0.001,512,0.8032371983519717,0.7891287512858803,0.7603485041635235,0.7600527356624918,0.7051888390288493,0.9382404169967362,search3
rmsprop,4,"(64, 32)",0.005,0.4,0.0001,512,0.7643908181283108,0.7891235538415917,0.7260452900660793,0.6920644048303622,0.6643474713910076,0.9224506308427992,search3
sgd,4,"(128, 64)",0.005,0.4,0.001,256,0.759387875220718,0.789077245483018,0.7242676883466506,0.722110408280621,0.6534321201157794,0.9207694424693703,search3
sgd,4,"(64, 32)",0.005,0.2,0.0001,512,0.7642731018246027,0.788928962702116,0.7295898226573306,0.7492811960897068,0.6539870083034349,0.9191294987339229,search3
adam,8,"(256, 128)",0.001,0.4,0.001,512,0.7943496174220129,0.7889217341184466,0.7518689635875192,0.7735767682576193,0.6859137299992167,0.9344765887442136,search3
adamw,2,"(128, 64)",0.0005,0.4,0.0001,256,0.7643319599764568,0.7888824560463729,0.7269125959919264,0.7360552041403106,0.6586422497699083,0.9235612173353238,search3
adam,4,"(256, 128)",0.001,0.4,0.0001,256,0.8008240141259565,0.788825594847636,0.7591396775781574,0.7547441058079356,0.7017040132229238,0.9362894342774077,search3
adamw,8,"(64, 32)",0.001,0.4,0.001,256,0.761094761624485,0.7887993290495469,0.7263436784498539,0.7403680276020701,0.6519749276197299,0.9221839901535179,search3
adam,4,"(128, 64)",0.002,0.2,0.0001,256,0.8137728075338434,0.7887464462821182,0.7674076835859934,0.7317073170731707,0.7112154799072555,0.9398554282504562,search3
adam,8,"(128, 64)",0.0005,0.3,0.001,256,0.7788699234844025,0.7887358128880182,0.7400208262782514,0.7350488786659,0.6651248750650505,0.9289657788680902,search3
rmsprop,2,"(256, 128)",0.0005,0.4,0.0001,256,0.7843437316068276,0.7886929155152195,0.744310177112693,0.7604945370902818,0.6745388658695217,0.9299913463310152,search3
sgd,8,"(128, 64)",0.005,0.2,0.0001,256,0.7802236609770453,0.7886907474204232,0.7403380906677297,0.7491374353076481,0.6696467674363508,0.9270146514719507,search3
adamw,4,"(128, 64)",0.002,0.2,0.001,256,0.8159505591524426,0.7885719329712049,0.7698816260984183,0.7237969676994067,0.7171407070982865,0.9400336175509038,search3
adamw,8,"(64, 32)",0.002,0.4,0.0001,512,0.759387875220718,0.7884750742041593,0.7239632344026002,0.7152098907418056,0.6538977996559472,0.9216613714649186,search3
adam,8,"(128, 64)",0.001,0.3,0.0001,512,0.7734549735138316,0.7884747930201453,0.7339197247776753,0.7305922944220816,0.6675549544093117,0.9254680137606804,search3
sgd,8,"(128, 64)",0.005,0.2,0.001,256,0.775985874043555,0.78845605853483,0.7355650247048242,0.7382116158711903,0.6680634906353288,0.9260416017809168,search3
adamw,4,"(256, 128)",0.002,0.3,0.001,256,0.8151854031783402,0.7884545295195621,0.7675472154118989,0.7244561634805537,0.706167013901819,0.9384606021387786,search3
adamw,2,"(128, 64)",0.001,0.2,0.0001,256,0.807474985285462,0.7884231517713965,0.7620821270581057,0.7422544495715228,0.7016544414996204,0.9395697487943994,search3
adam,8,"(256, 128)",0.002,0.4,0.0001,512,0.7912889935256033,0.788401607641619,0.7506454328212614,0.7747268545140885,0.6873590828550766,0.934377174194101,search3
rmsprop,8,"(64, 32)",0.002,0.4,0.001,512,0.7709240729841083,0.7883864724214673,0.7303652160209516,0.7064404830362278,0.6576471729675453,0.9258574829515726,search3
adam,4,"(256, 128)",0.002,0.3,0.0001,256,0.8137139493819894,0.7883829121295882,0.7679871447949266,0.7270929466051417,0.7066374714520274,0.9388517268473612,search3
adamw,8,"(256, 128)",0.001,0.4,0.001,256,0.7895232489699824,0.7883659339122143,0.7478970067018048,0.7638010350776309,0.6814405880268888,0.9319875503480954,search3
rmsprop,2,"(128, 64)",0.001,0.3,0.001,256,0.8087698646262508,0.7882340782335079,0.7652181250804108,0.7415952537903757,0.7014341703642282,0.9402355952620628,search3
adam,8,"(256, 128)",0.001,0.4,0.0001,512,0.7874632136550912,0.7882141874492653,0.748293685814393,0.7748706152961472,0.6791951399092611,0.9308411232264883,search3
adam,4,"(128, 64)",0.001,0.3,0.0001,512,0.7863449087698646,0.788181418739086,0.7467200488944089,0.765813686026452,0.6813167797381907,0.9307156758746516,search3
adam,4,"(256, 128)",0.001,0.4,0.001,512,0.7981753972925251,0.788179264504507,0.7577986901260902,0.7523001725129385,0.6955845891605006,0.9361998380843177,search3
rmsprop,2,"(128, 64)",0.0005,0.4,0.001,256,0.7766921718658034,0.7881561385259596,0.7399408411591247,0.7551753881541116,0.6745956577059284,0.9274319037276829,search3
sgd,4,"(64, 32)",0.005,0.4,0.001,256,0.7478516774573278,0.7881399147984388,0.7135335302561453,0.7288671650373778,0.6312910959002818,0.9161690968175451,search3
sgd,8,"(128, 64)",0.005,0.4,0.0001,256,0.7540317834020012,0.7880715050195649,0.7183129470545171,0.7166474985623922,0.6466132479797672,0.9168996336880917,search3
adamw,2,"(256, 128)",0.001,0.3,0.001,256,0.8115361977633903,0.7880699998822952,0.7666190213559242,0.7297297297297297,0.7029850706957324,0.9388681168266375,search3
adamw,2,"(256, 128)",0.002,0.3,0.0001,256,0.812948793407887,0.7880673484638788,0.7652378013999793,0.7270929466051417,0.7041140816629268,0.9421565366326053,search3
rmsprop,4,"(64, 32)",0.005,0.4,0.001,512,0.7543260741612713,0.7880629569706468,0.7189707334251086,0.6778320874065555,0.6510679849633637,0.922815752336672,search3
rmsprop,2,"(64, 32)",0.005,0.2,0.001,512,0.7792230723955268,0.7880473008258891,0.7364426482000394,0.6785508913168488,0.6728574191738186,0.9293444840659153,search3
adamw,8,"(128, 64)",0.002,0.2,0.0001,256,0.7997057092407298,0.7880260102969207,0.7589220436931101,0.7633487145682267,0.6923891981401376,0.9370681013971555,search3
adamw,2,"(256, 128)",0.001,0.3,0.0001,512,0.8030606238964096,0.7879996956449961,0.7601914408428021,0.7528015820698748,0.6949389549827707,0.9357363952983636,search3
rmsprop,2,"(64, 32)",0.001,0.4,0.001,512,0.7642142436727487,0.7879736558645112,0.7277607871445416,0.7254169062679701,0.65555146805765,0.9242971704200466,search3
sgd,4,"(128, 64)",0.005,0.4,0.0001,256,0.7585050029429076,0.7879023020931274,0.724654208362578,0.7331799884991375,0.6569030554820932,0.920223786802652,search3
adamw,8,"(64, 32)",0.001,0.2,0.0001,256,0.7914067098293114,0.7878864940348981,0.7533371350583015,0.7679700977573318,0.6884519767292256,0.932653431058267,search3
adamw,2,"(128, 64)",0.0005,0.4,0.001,256,0.7643908181283108,0.787878095292084,0.7262754953633092,0.7337550316273721,0.6577793798871171,0.9239327287541504,search3
adam,2,"(128, 64)",0.002,0.2,0.0001,256,0.8143025309005297,0.7878455337990159,0.7667790065869632,0.7191825972313777,0.7081728480973444,0.9410194319109024,search3
adam,2,"(256, 128)",0.001,0.3,0.0001,512,0.8061212477928194,0.787791414315953,0.7627010643112276,0.7429136453526698,0.6989355409683465,0.9364523069033889,search3
rmsprop,8,"(64, 32)",0.001,0.2,0.001,256,0.7826368452030606,0.787756614329163,0.7401931777317281,0.734186313973548,0.67954838261138,0.9309351656232119,search3
adamw,2,"(256, 128)",0.001,0.3,0.0001,256,0.8077104178928781,0.7877442385273391,0.76159220806649,0.7409360580092288,0.702403416735095,0.9374955834801083,search3
rmsprop,4,"(128, 64)",0.002,0.3,0.0001,256,0.792760447321954,0.7877189922099919,0.750850543692649,0.7534502587694077,0.6986790525345444,0.9337313521772789,search3
adam,2,"(256, 128)",0.001,0.3,0.0001,256,0.8124190700412007,0.7875647111112504,0.7676938635730136,0.7257745550428477,0.7028682411635414,0.9400319965684711,search3
rmsprop,4,"(64, 32)",0.0005,0.4,0.001,256,0.7542083578575632,0.7875554598964519,0.7172687257638528,0.7121909143185738,0.6451952539395118,0.917796948051523,search3
rmsprop,2,"(64, 32)",0.0005,0.3,0.0001,256,0.7552678045909359,0.7875392161333693,0.7201416721514331,0.7269982748706153,0.6440586601384115,0.9187355156159365,search3
adamw,2,"(64, 32)",0.0005,0.4,0.0001,256,0.7399646851088876,0.7874718444985005,0.7094198563413266,0.7169191029705295,0.6232625369985949,0.913503274344969,search3
adamw,2,"(256, 128)",0.002,0.3,0.001,256,0.8121247792819305,0.7874480696971037,0.7668293226687313,0.7257745550428477,0.7029446814033705,0.9409552916391796,search3
rmsprop,4,"(128, 64)",0.001,0.4,0.0001,512,0.7723955267804591,0.7873932257775303,0.736880529779539,0.7451121334100057,0.674623633272561,0.9253025503787851,search3
adam,8,"(256, 128)",0.002,0.3,0.001,512,0.8005885815185403,0.7873730739820655,0.755215446194264,0.7560975609756098,0.6888002545825102,0.9373227718526908,search3
adam,4,"(128, 64)",0.0005,0.4,0.001,256,0.7755738669805768,0.7873439258076802,0.7399807228248539,0.7688326624496837,0.6682657362444429,0.9272071222100341,search3
rmsprop,2,"(128, 64)",0.001,0.3,0.0001,256,0.8007062978222483,0.7873404484026459,0.7587149050382446,0.7600527356624918,0.6904494430371647,0.9394715920522071,search3
sgd,8,"(64, 32)",0.005,0.2,0.001,256,0.7729252501471454,0.7873238857173336,0.733188043423204,0.7382116158711903,0.6589196665158852,0.92577900137141,search3
rmsprop,8,"(128, 64)",0.002,0.4,0.0001,512,0.7732783990582696,0.7873094686211181,0.7356240977805713,0.7045715928694652,0.6698479830914026,0.9273826448257324,search3
rmsprop,2,"(256, 128)",0.005,0.4,0.001,256,0.7834608593290171,0.7871814256000308,0.7381075608958189,0.7098907418056354,0.6800473364535264,0.9312251935401591,search3
adamw,4,"(256, 128)",0.005,0.3,0.0001,512,0.8028251912889935,0.7871075710886336,0.755588281311049,0.7554383651944627,0.6985777461394451,0.9361516994141672,search3
sgd,4,"(64, 32)",0.005,0.2,0.001,512,0.7632136550912302,0.7871057908054643,0.7288875285705326,0.7487061529614721,0.6523473452286832,0.9185939434592137,search3
sgd,4,"(128, 64)",0.005,0.2,0.0001,256,0.7900529723366686,0.787095573080656,0.7512857291499725,0.7727142035652674,0.6831413944846096,0.9305069256203534,search3
adamw,8,"(128, 64)",0.0005,0.4,0.001,256,0.7640376692171866,0.7870723856231244,0.7285851323755085,0.7244105807935595,0.6606902430328878,0.9199510120101975,search3
adam,8,"(64, 32)",0.001,0.2,0.0001,256,0.7937610359034726,0.7870263083596605,0.7537860525802698,0.7607820586543991,0.6827575145697963,0.933504334450439,search3
rmsprop,8,"(128, 64)",0.005,0.3,0.0001,512,0.7933490288404944,0.7869373098453994,0.7527697310719095,0.7372052903967797,0.6977968644112966,0.9318545354131791,search3
adamw,4,"(256, 128)",0.005,0.3,0.001,512,0.8090052972336669,0.7868756089606584,0.7628102036948321,0.7363216875411998,0.7120097391021476,0.9385629683460971,search3
rmsprop,8,"(256, 128)",0.005,0.4,0.0001,256,0.794526191877575,0.7868588604660952,0.7534288368275553,0.7659854976928148,0.6915005780273713,0.9351600032523913,search3
adam,8,"(64, 32)",0.0005,0.2,0.001,256,0.7812831077104179,0.7868520850154731,0.7423079267962814,0.7577630822311673,0.6726426590672825,0.9275976341407605,search3
adam,4,"(128, 64)",0.001,0.2,0.001,512,0.7985285462036492,0.7867794319516322,0.7579858408805724,0.7600527356624918,0.6959035569898003,0.9350739062805951,search3
rmsprop,8,"(128, 64)",0.002,0.2,0.0001,256,0.8008828722778105,0.786702535602824,0.7574333254580229,0.7518688901667625,0.692225742474898,0.933767346220972,search3
rmsprop,8,"(64, 32)",0.002,0.2,0.001,512,0.7866391995291347,0.7866858612123936,0.746703433202974,0.7410868315123634,0.6863628435039084,0.9305260275668333,search3
adam,2,"(64, 32)",0.0005,0.4,0.0001,256,0.7410241318422601,0.7866300129073643,0.7098834756762745,0.7190325231889163,0.6253115334025692,0.9137868350849973,search3
rmsprop,8,"(128, 64)",0.002,0.4,0.001,512,0.7725132430841671,0.786614058013169,0.7323518842824314,0.7133410005750431,0.6563470218658283,0.9287238247963762,search3
adamw,2,"(256, 128)",0.0005,0.4,0.0001,512,0.7653914067098293,0.7865898385869768,0.7296677763360786,0.7461184588844163,0.6596853836561104,0.9214830375332728,search3
adam,8,"(128, 64)",0.002,0.2,0.0001,512,0.792642731018246,0.7865834988412082,0.7506548815137578,0.7538815411155837,0.6877694122218759,0.9317194592185037,search3
adamw,4,"(64, 32)",0.0005,0.4,0.001,256,0.7493819894055327,0.7865599936965159,0.7129477867977893,0.7218228867165037,0.6339596636679345,0.9159723255141969,search3
adam,2,"(256, 128)",0.002,0.3,0.0001,256,0.8158328428487346,0.7865252528558018,0.7696339405962176,0.7119314436387607,0.7104842323018552,0.9424102881438307,search3
adam,2,"(128, 64)",0.0005,0.4,0.0001,256,0.7636845203060624,0.786509319095007,0.7260742477447165,0.7367740080506038,0.6561987083554788,0.9240802101250652,search3
sgd,8,"(128, 64)",0.005,0.4,0.001,256,0.7557975279576221,0.7864906109578277,0.7198925229194905,0.7277170787809085,0.6453849763902404,0.9191949734751755,search3
adamw,8,"(64, 32)",0.0005,0.2,0.0001,256,0.7727486756915832,0.7864429342801699,0.7356905168814918,0.7464059804485337,0.6645045449079326,0.9242745320290259,search3
rmsprop,8,"(128, 64)",0.005,0.3,0.001,512,0.7901118304885226,0.7864084419627596,0.7487193736355322,0.7223979298447384,0.6914286730579104,0.9328909118194871,search3
rmsprop,4,"(128, 64)",0.0005,0.4,0.001,256,0.7756327251324309,0.7863933543613745,0.7401874099883757,0.7615008625646924,0.6728537125931615,0.9256574833083775,search3
adam,2,"(256, 128)",0.0005,0.4,0.0001,512,0.7660388463802237,0.7863682348444319,0.7307011364307493,0.7472685451408856,0.6596701325756409,0.9223160062296012,search3
adam,8,"(128, 64)",0.0005,0.4,0.0001,256,0.7631547969393762,0.7863447988635967,0.7271685994954337,0.722110408280621,0.6603711138391817,0.9203099317315931,search3
rmsprop,4,"(64, 32)",0.001,0.2,0.0001,512,0.7751618599175986,0.7862937514085172,0.7386535298650739,0.7265669925244393,0.6732364166546725,0.9269918616330338,search3
adamw,8,"(256, 128)",0.002,0.3,0.001,256,0.805473808122425,0.7861280272594127,0.7617342264447774,0.7389584706657878,0.6996847669345396,0.9373823950869459,search3
adam,8,"(64, 32)",0.001,0.2,0.001,512,0.7831077104178928,0.7861051536466054,0.7449725972511656,0.7581943645773433,0.6704999907936229,0.9293380845166611,search3
adamw,4,"(128, 64)",0.001,0.3,0.001,512,0.7842260153031195,0.7859935514507015,0.7437531384410042,0.7619321449108684,0.676720879685079,0.9301415068301564,search3
adam,8,"(64, 32)",0.002,0.4,0.0001,512,0.7628605061801059,0.7859899283075397,0.727778438168619,0.7254169062679701,0.6576337919559265,0.9223360230072312,search3
rmsprop,4,"(64, 32)",0.0005,0.3,0.0001,256,0.7582107121836374,0.7859489529763714,0.7220254587609706,0.7103220241518113,0.6547911356105935,0.9202101584011096,search3
rmsprop,4,"(64, 32)",0.002,0.2,0.0001,256,0.7857563272513243,0.7859363399040934,0.745801787480396,0.7620759056929269,0.6821636721819809,0.9281189562567315,search3
adamw,2,"(256, 128)",0.0005,0.4,0.001,512,0.7657445556209534,0.7858689933822918,0.7299558190663672,0.7452558941920644,0.661441199644613,0.9216235975993392,search3
rmsprop,8,"(256, 128)",0.002,0.4,0.001,256,0.7992348440258976,0.7858383639486352,0.7552471306276729,0.7534607778510217,0.6872125786001474,0.9376935454611024,search3
rmsprop,8,"(128, 64)",0.001,0.3,0.0001,256,0.7863449087698646,0.7858166478698241,0.7467032686073535,0.7389304197814837,0.6831138909708998,0.9297026287289164,search3
rmsprop,4,"(64, 32)",0.002,0.2,0.0001,512,0.7804002354326074,0.7857654936499019,0.7468902623033199,0.7436745255894192,0.6775684095836917,0.9284878235128499,search3
adam,4,"(128, 64)",0.001,0.2,0.001,256,0.8143613890523838,0.7857120308117912,0.7685270517095234,0.7152274225444957,0.7131861211735955,0.9391845427201466,search3
adam,8,"(128, 64)",0.002,0.2,0.001,512,0.7959976456739258,0.7856794679464246,0.7522583179405293,0.7640079103493738,0.6818820295873311,0.9346018784041469,search3
rmsprop,4,"(64, 32)",0.001,0.3,0.0001,512,0.7567981165391406,0.7856793360685147,0.71952619733805,0.7094594594594594,0.6482142528752968,0.9207150953039811,search3
adamw,8,"(256, 128)",0.001,0.4,0.001,512,0.7838140082401412,0.7856394517148532,0.7431168241818592,0.7665324899367453,0.6749027072372904,0.9286613405136587,search3
adamw,8,"(128, 64)",0.0005,0.3,0.0001,256,0.7739258387286639,0.7856228350981999,0.7373321254719428,0.7438182863714778,0.6667256853582728,0.9237965279251034,search3
adamw,4,"(128, 64)",0.001,0.2,0.0001,256,0.807474985285462,0.785578645980587,0.7632555230513569,0.7330257086354647,0.7034415748920025,0.9379161707108378,search3
adam,8,"(256, 128)",0.002,0.3,0.0001,256,0.805650382577987,0.7855318442806124,0.7617459498197611,0.7363216875411998,0.70419665152804,0.9375803633429789,search3
adamw,2,"(64, 32)",0.0005,0.4,0.001,256,0.7397292525014715,0.7855181325459548,0.7092436079332095,0.7175061641423036,0.6237313322233796,0.9134081021052376,search3
adamw,8,"(128, 64)",0.001,0.3,0.0001,512,0.7729252501471454,0.7855140952430301,0.7340523823106725,0.7351926394479587,0.6603896719933459,0.9246396364355475,search3
adam,8,"(64, 32)",0.001,0.3,0.001,512,0.7675691583284285,0.7855008167430881,0.7332540529984103,0.7459746981023577,0.6603829171201707,0.9241433807429921,search3
sgd,4,"(64, 32)",0.005,0.4,0.0001,256,0.742613301942319,0.7854965169194125,0.707119676262967,0.7130534790109259,0.627067124748897,0.9139509967799305,search3
adam,8,"(256, 128)",0.001,0.3,0.001,256,0.8103001765744555,0.7854910208629157,0.7677474448101981,0.7237969676994067,0.7013137601918615,0.9352556086396685,search3
adam,2,"(128, 64)",0.0005,0.2,0.001,512,0.7734549735138316,0.7854519222875188,0.7372574217462784,0.7609258194364578,0.6629056904227825,0.9235012716330665,search3
adamw,8,"(256, 128)",0.001,0.4,0.0001,512,0.787110064743967,0.7854493788690141,0.7444906056664657,0.7600632547441059,0.6789651971405113,0.9297048531046967,search3
rmsprop,4,"(64, 32)",0.002,0.2,0.001,512,0.7711006474396704,0.7854123668738677,0.7335880637115425,0.7031339850488787,0.6754278634956649,0.9264883994478303,search3
sgd,2,"(128, 64)",0.005,0.4,0.0001,256,0.7625662154208358,0.7853902753341186,0.7285860290258235,0.7449806269813315,0.6539236360667922,0.9189903387542047,search3
adamw,8,"(128, 64)",0.0005,0.3,0.001,256,0.7718069452619187,0.785254633345929,0.7348354530815362,0.7372052903967797,0.6654380881295952,0.9238527183152101,search3
rmsprop,2,"(64, 32)",0.002,0.2,0.0001,512,0.794585050029429,0.7852303487355462,0.7563175316476816,0.7638010350776309,0.6887353856607714,0.9338205159905127,search3
adamw,4,"(256, 128)",0.001,0.4,0.001,256,0.7952324896998234,0.7852090896322194,0.7520499152918746,0.7534502587694077,0.691840443044008,0.9335936016392846,search3
adam,2,"(64, 32)",0.0005,0.2,0.001,512,0.7487934078869923,0.7851942919975602,0.7148780426161051,0.7265669925244393,0.6362861521705924,0.9144380310901696,search3
sgd,2,"(64, 32)",0.002,0.3,0.0001,256,0.738846380223661,0.7851890506397116,0.7068696499444996,0.7165037377803335,0.6203911120479864,0.9098716458219829,search3
rmsprop,4,"(64, 32)",0.0005,0.2,0.0001,256,0.7765744555620954,0.7851564966942869,0.7366678585272451,0.7369177688326625,0.6719998827907956,0.9253977037403796,search3
rmsprop,2,"(128, 64)",0.0005,0.4,0.0001,256,0.7680988816951148,0.7851158627910474,0.7316996000678935,0.7546003450258769,0.6613108278234777,0.9235386374145058,search3
rmsprop,8,"(64, 32)",0.002,0.3,0.001,512,0.7793407886992348,0.7850978125338894,0.7414488669186534,0.7590569292696953,0.6704610091555245,0.9278190186229459,search3
rmsprop,8,"(64, 32)",0.002,0.2,0.001,256,0.7886403766921719,0.7850715707510284,0.7424159595568894,0.731311098332375,0.6808345397767115,0.9345227185900201,search3
rmsprop,2,"(256, 128)",0.002,0.4,0.0001,256,0.803531489111242,0.7850209325154366,0.7632771736770351,0.7389584706657878,0.7023900560540621,0.937292946826599,search3
adamw,4,"(256, 128)",0.001,0.4,0.0001,256,0.7954090641553855,0.7849894769579318,0.7542793508162364,0.7640079103493738,0.6916968563406942,0.9354430796479023,search3
sgd,2,"(128, 64)",0.005,0.4,0.001,256,0.7674514420247204,0.7849817837139051,0.7308904012825876,0.753082071151814,0.6596579877762558,0.9212784182638799,search3
adamw,4,"(128, 64)",0.002,0.2,0.0001,256,0.8171277221895232,0.7849479656068712,0.7695937864978432,0.7053394858272907,0.712891572474023,0.9397030236143445,search3
rmsprop,4,"(64, 32)",0.005,0.3,0.001,512,0.7789876397881107,0.7848091987571965,0.740542384410726,0.7640885566417481,0.6721592822722557,0.9285778316930847,search3
rmsprop,2,"(64, 32)",0.0005,0.4,0.001,256,0.7469099470276633,0.7846801776987897,0.7132800081209564,0.7120471535365153,0.634331605603556,0.9160376776247809,search3
rmsprop,4,"(128, 64)",0.002,0.2,0.0001,256,0.8058269570335491,0.7846535179137292,0.762321037784713,0.7323665128543178,0.7059195860038385,0.9365988004751058,search3
adam,2,"(128, 64)",0.001,0.2,0.0001,512,0.7952913478516774,0.7845730850138105,0.7531166651362491,0.7587343441001978,0.6875880930376631,0.9344147213277013,search3
rmsprop,4,"(128, 64)",0.002,0.4,0.001,512,0.7785167745732784,0.7845482278803889,0.7384497104142089,0.7442495687176538,0.6800632384074403,0.9291515376136653,search3
rmsprop,8,"(64, 32)",0.001,0.2,0.0001,256,0.78510888758093,0.784529271219906,0.7430617415133316,0.731311098332375,0.6836437414526648,0.9313039592413724,search3
rmsprop,8,"(128, 64)",0.0005,0.4,0.001,256,0.7705120659211301,0.7845225999267592,0.7326923308321316,0.730448533640023,0.6665564489119374,0.9243802494092979,search3
adamw,2,"(256, 128)",0.001,0.3,0.001,512,0.8025309005297233,0.7845158722321336,0.7578450108933558,0.7415952537903757,0.6923767817000919,0.935700110952483,search3
rmsprop,8,"(64, 32)",0.005,0.3,0.001,512,0.7809299587992937,0.7844473281052121,0.7355934754785558,0.7015526164462335,0.6524620036204203,0.9266099530973205,search3
adamw,8,"(64, 32)",0.001,0.2,0.001,256,0.7915832842848735,0.784441959946959,0.7501053466597013,0.7599194939620472,0.6818575262068014,0.9329893719356862,search3
rmsprop,8,"(64, 32)",0.0005,0.2,0.001,256,0.77416127133608,0.7843851412894832,0.7355867885679638,0.7564692351926394,0.6610147381118502,0.925118730599196,search3
sgd,2,"(64, 32)",0.005,0.3,0.001,512,0.744555620953502,0.7843788428499071,0.7085535778071256,0.7120471535365153,0.6248788141542627,0.9140352536579398,search3
rmsprop,4,"(128, 64)",0.005,0.4,0.0001,512,0.7881106533254856,0.7843477464229854,0.7522908026491582,0.7636572742955722,0.6841413034782018,0.9334689445900323,search3
rmsprop,4,"(128, 64)",0.005,0.3,0.001,256,0.7756915832842849,0.7841555042472813,0.7300155791866464,0.6887579068430132,0.6791832717510057,0.9264166193368034,search3
adam,4,"(256, 128)",0.002,0.2,0.001,256,0.805591524426133,0.7841429011927845,0.7556926676305458,0.7343441001977588,0.6967840888968053,0.9342359575618238,search3
adam,4,"(256, 128)",0.0005,0.4,0.001,256,0.7892289582107122,0.784074207622529,0.7508985512276571,0.7617883841288097,0.6866636030403057,0.9312310657444152,search3
adamw,2,"(128, 64)",0.001,0.2,0.0001,512,0.7930547380812243,0.783972362470743,0.7514139333820529,0.7633487145682267,0.6831667711584526,0.9348323326468361,search3
rmsprop,4,"(64, 32)",0.001,0.2,0.001,512,0.7678634490876987,0.7839020494507317,0.7308037869656521,0.7077343300747556,0.6661161092940888,0.9234777457337858,search3
adamw,8,"(128, 64)",0.002,0.2,0.001,512,0.7856386109476162,0.7838501143928203,0.7450846789999733,0.7587694077055779,0.6754603115116207,0.9308555754774153,search3
adam,4,"(128, 64)",0.0005,0.4,0.0001,256,0.7655679811653914,0.7837238803359464,0.7297758790887036,0.7534502587694077,0.6573605871204222,0.9222409004705932,search3
sgd,2,"(64, 32)",0.002,0.3,0.001,256,0.7376103590347263,0.7836019649032409,0.7045473288713477,0.7098907418056354,0.6211442791515467,0.910086362981719,search3
adam,8,"(128, 64)",0.001,0.2,0.001,512,0.7904649793996469,0.7835539782232952,0.7492618212848902,0.7546003450258769,0.6893489046262382,0.9291900336632756,search3
adamw,4,"(64, 32)",0.0005,0.4,0.0001,256,0.7474985285462037,0.78352909213437,0.7115060966917963,0.7163599769982749,0.6351299473014259,0.916113696025152,search3
rmsprop,2,"(128, 64)",0.002,0.4,0.0001,512,0.7894055326662743,0.783429696398624,0.7509585143366473,0.7374928119608971,0.6850760067129814,0.9341443201430439,search3
adamw,2,"(256, 128)",0.0005,0.3,0.0001,256,0.7909947027663331,0.7834237268990584,0.750911930597003,0.7673950546290972,0.6844023756806804,0.9313443792217021,search3
adam,2,"(128, 64)",0.0005,0.2,0.0001,256,0.7874043555032372,0.783413175156734,0.7470732087634775,0.7752142386288727,0.6789710500547089,0.9306654310446936,search3
adam,2,"(256, 128)",0.0005,0.3,0.001,256,0.7981753972925251,0.7834130207731246,0.7561883096629574,0.7488464073829928,0.6911131335849495,0.9341234726195339,search3
rmsprop,8,"(64, 32)",0.0005,0.3,0.001,256,0.7627427898763979,0.7834102474945791,0.7280636225841176,0.7465497412305923,0.6520902844283989,0.9202807502513052,search3
rmsprop,8,"(128, 64)",0.001,0.3,0.001,512,0.7896409652736904,0.7833771185559778,0.7477679385318076,0.7488499137435307,0.6836844298998024,0.9304059244501408,search3
adamw,8,"(128, 64)",0.002,0.2,0.0001,512,0.7929958799293703,0.7833447741605722,0.7507993191504131,0.7633487145682267,0.68363116840778,0.932097468672881,search3
rmsprop,4,"(64, 32)",0.001,0.3,0.001,512,0.7711595055915245,0.7833266685997744,0.7345032379804569,0.7363427257044278,0.6648995336134804,0.9242525771757686,search3
rmsprop,8,"(64, 32)",0.001,0.4,0.001,512,0.7519128899352561,0.783280114188035,0.7155235835962673,0.7144910868315124,0.6323876385450794,0.9155218998338815,search3
adamw,2,"(128, 64)",0.001,0.2,0.001,512,0.7929370217775162,0.7832019034514834,0.7525237941510977,0.7600527356624918,0.6836637932184064,0.9341718157343402,search3
rmsprop,8,"(64, 32)",0.001,0.2,0.001,512,0.775868157739847,0.7830999502997855,0.7372369741242242,0.7671075330649799,0.6610687046333075,0.9243394676777833,search3
adam,8,"(128, 64)",0.0005,0.3,0.0001,256,0.7701589170100059,0.7829297556130408,0.7328199840318287,0.7377803335250144,0.6594839681878727,0.9236476671021268,search3
adamw,8,"(128, 64)",0.0005,0.4,0.0001,256,0.763037080635668,0.7828341360317671,0.7269437679111723,0.7280046003450259,0.6578604704976116,0.9199419012463764,search3
rmsprop,4,"(128, 64)",0.005,0.2,0.0001,256,0.7995291347851677,0.7828173889095028,0.7567186381439477,0.7402768622280818,0.70068950291229,0.9327036811217053,search3
adamw,2,"(128, 64)",0.0005,0.2,0.0001,256,0.7864626250735727,0.7828094798028827,0.7464165682574965,0.774151811385854,0.6788045168947108,0.93028381994406,search3
sgd,2,"(128, 64)",0.005,0.2,0.0001,256,0.7856386109476162,0.7827934645275421,0.7454361788693192,0.7765326301911668,0.6688622070957444,0.9300010446979713,search3
sgd,8,"(64, 32)",0.005,0.3,0.001,256,0.7670394349617422,0.7827816698942391,0.7330493552888004,0.7481507573089116,0.6591260882475847,0.9217114929575064,search3
adamw,8,"(64, 32)",0.001,0.3,0.0001,512,0.7596233078281341,0.7826813563650887,0.7256834328547958,0.7360552041403106,0.6512397566931007,0.9197166865785881,search3
rmsprop,2,"(64, 32)",0.001,0.4,0.0001,512,0.7594467333725721,0.782631453818857,0.7235291622441195,0.7282921219091432,0.6447374742381058,0.9199469376064591,search3
adam,2,"(128, 64)",0.0005,0.3,0.001,512,0.7604473219540906,0.7825047176378703,0.7253248033814493,0.7478435882691202,0.6490086456377072,0.9180205463646386,search3
adam,4,"(128, 64)",0.0005,0.3,0.001,256,0.7816951147733961,0.7824821943729341,0.7437179637822352,0.7645198389879241,0.6779858604963265,0.9293162307874989,search3
rmsprop,8,"(256, 128)",0.005,0.2,0.001,256,0.7640376692171866,0.7824768161969001,0.7169872580495861,0.7083093732029903,0.6499166937843925,0.9227363401036222,search3
sgd,4,"(64, 32)",0.002,0.2,0.001,256,0.7628605061801059,0.7824653429559647,0.7266333857812345,0.7534502587694077,0.6468200743921833,0.9180815629551461,search3
rmsprop,2,"(128, 64)",0.005,0.4,0.0001,256,0.7984696880517952,0.7824564936874704,0.7631129659147072,0.7441058079355952,0.6971751660289993,0.9369219952087056,search3
adam,4,"(64, 32)",0.0005,0.4,0.0001,256,0.7466745144202472,0.7824306019780208,0.710581709907263,0.7162162162162162,0.6337199690499951,0.9160324128600125,search3
rmsprop,2,"(128, 64)",0.0005,0.3,0.0001,256,0.7788110653325485,0.782334182758265,0.7408731033265998,0.7698389879240943,0.6738905529496133,0.9258213076031884,search3
adam,8,"(64, 32)",0.001,0.3,0.0001,512,0.7599764567392584,0.7822953516438947,0.7263485918257523,0.7347613571017826,0.6577662157179811,0.9200303910196025,search3
adamw,8,"(64, 32)",0.0005,0.2,0.001,256,0.7728075338434374,0.7821681221215071,0.7352873369627844,0.7556066705002875,0.6657175257034535,0.9242097930651753,search3
adam,4,"(128, 64)",0.001,0.2,0.0001,256,0.8103001765744555,0.7821585208332974,0.7651539701082601,0.7139090309822017,0.7062772079792385,0.9378199934976775,search3
adam,2,"(64, 32)",0.0005,0.2,0.0001,512,0.746321365509123,0.7821332053520931,0.7115058173196279,0.7211040828062104,0.6321818507122319,0.9118742334424189,search3
rmsprop,2,"(128, 64)",0.0005,0.3,0.001,256,0.7827545615067687,0.7821118835347133,0.7425006316582138,0.7646635997699828,0.6745803823170082,0.9286215193930847,search3
adamw,2,"(128, 64)",0.0005,0.2,0.001,512,0.7686874632136551,0.7820457472431799,0.7326795718631844,0.7511500862564693,0.6612775717755766,0.9208895941990564,search3
adamw,4,"(128, 64)",0.0005,0.4,0.001,256,0.7659799882283697,0.7820404041979939,0.7307815893517992,0.7580133849947165,0.6576864404340443,0.9223622533553106,search3
adamw,8,"(256, 128)",0.002,0.3,0.0001,256,0.801765744555621,0.7819793850712721,0.7568172742481246,0.7323665128543178,0.6950289894156504,0.9367293544352376,search3
rmsprop,8,"(256, 128)",0.005,0.4,0.001,256,0.775868157739847,0.7819675314291229,0.7371034875212028,0.7692639447958597,0.6565301563339423,0.930650294383384,search3
rmsprop,8,"(256, 128)",0.005,0.3,0.001,256,0.7633313713949382,0.7819396575713577,0.7191307864136839,0.7160724554341575,0.6449452198115484,0.9264214245284546,search3
rmsprop,8,"(64, 32)",0.0005,0.2,0.0001,256,0.7717480871100647,0.7819011302839306,0.7327284957131579,0.7479873490511788,0.6598764893675928,0.9228310240589401,search3
adam,2,"(256, 128)",0.005,0.2,0.0001,256,0.8059446733372572,0.7818763196714368,0.7639768707368985,0.7205009887936717,0.7010135825454409,0.9361510842191189,search3
rmsprop,8,"(128, 64)",0.002,0.3,0.0001,512,0.788993525603296,0.7818591946180965,0.7502795477749981,0.745830937320299,0.6816812738770233,0.9307919300147734,search3
rmsprop,4,"(128, 64)",0.002,0.3,0.0001,512,0.7876986462625074,0.7818297891376954,0.7457830909262043,0.7505750431282346,0.6837429253287457,0.9313765535532273,search3
adam,8,"(64, 32)",0.0005,0.3,0.001,256,0.7613890523837552,0.7817251368115846,0.7251153605250527,0.7514376078205866,0.6466955384385422,0.920087975505495,search3
adam,4,"(128, 64)",0.001,0.2,0.0001,512,0.7904649793996469,0.7816783389540468,0.7508548981210676,0.7620303230059328,0.687357180589182,0.9306271947423675,search3
adamw,4,"(128, 64)",0.002,0.2,0.001,512,0.7998822836962919,0.7816623387739924,0.7559987531412409,0.7376400791034937,0.6978001031517079,0.9362037952821227,search3
rmsprop,8,"(256, 128)",0.002,0.3,0.001,256,0.8029429075927016,0.7816549707647699,0.7576831863096083,0.7264337508239948,0.6877221907443296,0.9353978542211306,search3
rmsprop,8,"(128, 64)",0.0005,0.3,0.001,256,0.775985874043555,0.7816209077024087,0.7385852154025199,0.7327487061529615,0.6715461913854753,0.926745209919655,search3
adamw,8,"(128, 64)",0.001,0.3,0.001,512,0.7715126545026486,0.7815634174419245,0.7320868993648934,0.7272857964347326,0.6606648228038168,0.923555605359022,search3
adamw,4,"(128, 64)",0.002,0.2,0.0001,512,0.7969393761035903,0.7814900023405874,0.7540623723144213,0.7448912326961108,0.6949551227940787,0.9335556785264306,search3
adam,4,"(256, 128)",0.005,0.2,0.0001,256,0.8099470276633314,0.7814543600368239,0.7616377517518468,0.7145682267633487,0.7050233830912125,0.9380777222950433,search3
adam,8,"(64, 32)",0.0005,0.2,0.0001,256,0.7725721012360212,0.7814132465151712,0.7348658883405625,0.7517251293847038,0.6631212517063123,0.9240237184913176,search3
sgd,4,"(128, 64)",0.005,0.2,0.001,256,0.7916421424367275,0.7813764278769187,0.7523983220781938,0.7567567567567568,0.6840182689170459,0.932051369016845,search3
adam,8,"(64, 32)",0.0005,0.4,0.001,256,0.7489111241907004,0.7813483392543991,0.7139931559859312,0.7244105807935595,0.6358556543008933,0.9146815354543624,search3
adamw,2,"(64, 32)",0.0005,0.2,0.0001,512,0.7455562095350206,0.7813472131460442,0.7110962525075427,0.7195227142035653,0.6322697990600568,0.9117929564416675,search3
rmsprop,8,"(64, 32)",0.001,0.4,0.0001,512,0.7556798116539141,0.7813128676646003,0.7201764830604643,0.7211040828062104,0.6407671387022378,0.9175294761818624,search3
adamw,8,"(64, 32)",0.001,0.3,0.001,512,0.7571512654502649,0.78131094562297,0.7220593588192695,0.734617596319724,0.6451405397795651,0.9191684957795895,search3
rmsprop,4,"(128, 64)",0.005,0.3,0.0001,256,0.7938198940553267,0.7812287866456827,0.7469113859231231,0.7547791694133158,0.6933815977723332,0.9341018447977687,search3
adam,8,"(64, 32)",0.001,0.4,0.001,512,0.7517363154796939,0.7812228296340354,0.7174106996308365,0.7241230592294422,0.6420793427553313,0.9166460444865723,search3
sgd,8,"(256, 128)",0.005,0.4,0.001,256,0.7716892289582107,0.7810737660151442,0.7339189621584072,0.7664670658682635,0.6592800370334002,0.9233275890508037,search3
rmsprop,8,"(128, 64)",0.0005,0.4,0.0001,256,0.7628605061801059,0.7810502120166164,0.7281529808115361,0.7361989649223691,0.6573800221928954,0.9204010371758731,search3
rmsprop,2,"(256, 128)",0.001,0.4,0.0001,512,0.7942907592701589,0.7810281118313851,0.7529101200876451,0.7495056031641397,0.6835525556064652,0.933828128743249,search3
rmsprop,2,"(128, 64)",0.001,0.2,0.001,256,0.8057680988816951,0.780916846123135,0.760174164784681,0.7218193803559657,0.6944369289487478,0.9351736904848185,search3
sgd,2,"(256, 128)",0.005,0.2,0.0001,256,0.7962330782813419,0.7808952090887319,0.7517877707807351,0.7422544495715228,0.6845929276841238,0.9321199708541449,search3
rmsprop,4,"(256, 128)",0.002,0.4,0.0001,256,0.8058269570335491,0.7808791223166264,0.7613369502579176,0.7244561634805537,0.7075288530240382,0.9374284556383481,search3
rmsprop,8,"(64, 32)",0.002,0.3,0.0001,512,0.772160094173043,0.7807638065430731,0.7362082568520755,0.7337550316273721,0.6666065071564189,0.9249636368681914,search3
sgd,2,"(64, 32)",0.005,0.3,0.0001,512,0.7474396703943497,0.7807387836359626,0.7118323030193814,0.730448533640023,0.6279374590327655,0.9135393758127801,search3
adamw,2,"(128, 64)",0.0005,0.2,0.001,256,0.7856974690994702,0.780728039909043,0.7451964210603803,0.7699406723796968,0.6777687398217799,0.9306069337443436,search3
rmsprop,4,"(128, 64)",0.001,0.3,0.0001,256,0.7937610359034726,0.7807170362687401,0.751973388992186,0.7514831905075807,0.6960627766289205,0.9314509980924095,search3
rmsprop,2,"(128, 64)",0.002,0.3,0.001,256,0.8151265450264862,0.7804505755107801,0.770832966055421,0.6941331575477917,0.7161162343200268,0.9428269317190926,search3
rmsprop,4,"(256, 128)",0.005,0.2,0.001,256,0.7970570924072984,0.7804308756132938,0.7458362120849963,0.7351926394479587,0.6893369637966903,0.9312208853797016,search3
rmsprop,8,"(64, 32)",0.0005,0.4,0.001,256,0.7500882872277811,0.7804030957579929,0.7159536703700091,0.7315986198964922,0.636382863793855,0.9136838791030231,search3
adamw,2,"(128, 64)",0.0005,0.2,0.0001,512,0.7674514420247204,0.780391151818586,0.7303265757189273,0.7523001725129385,0.6568050663283024,0.9206155555039416,search3
rmsprop,2,"(128, 64)",0.005,0.3,0.0001,256,0.8103001765744555,0.7801939157104982,0.766460531414242,0.7119314436387607,0.709023762644952,0.9401039747782792,search3
adam,8,"(256, 128)",0.0005,0.4,0.001,256,0.7890523837551501,0.7801121821458237,0.7457963206302254,0.7580751483190508,0.6749964223891332,0.9314534069426009,search3
rmsprop,4,"(128, 64)",0.0005,0.3,0.001,256,0.7817539729252502,0.7801082778186479,0.7439342333972842,0.7604945370902818,0.6781008862647859,0.9268605085087526,search3
rmsprop,4,"(128, 64)",0.001,0.3,0.0001,512,0.7800470865214832,0.7801018664388844,0.7439329632300985,0.7553191489361702,0.6786191712001883,0.9263326197543279,search3
rmsprop,4,"(256, 128)",0.001,0.4,0.001,256,0.8048263684520306,0.7800787669457029,0.7584221766820928,0.7205009887936717,0.7016116418000554,0.9363899697952087,search3
rmsprop,8,"(64, 32)",0.001,0.3,0.0001,512,0.7586227192466156,0.7800635198832029,0.7225998526008532,0.74252443933295,0.6456015092780207,0.9180500192068693,search3
adam,8,"(128, 64)",0.001,0.2,0.0001,256,0.7951147733961154,0.7799687741817737,0.7498770049968423,0.7495056031641397,0.6854344388877193,0.933276241782521,search3
sgd,8,"(256, 128)",0.005,0.4,0.0001,256,0.768510888758093,0.7799083248334933,0.7320698212093523,0.7635317600093929,0.660312137002894,0.9211317637634678,search3
adam,8,"(256, 128)",0.005,0.2,0.0001,256,0.8108887580929959,0.7798986569887942,0.7644622498258548,0.6941331575477917,0.7032259154435385,0.938030000198462,search3
adamw,8,"(256, 128)",0.002,0.3,0.0001,512,0.7966450853443202,0.7798912889795718,0.7532245813143855,0.7369808833223468,0.6916312845393668,0.9322893344633649,search3
adam,2,"(128, 64)",0.0005,0.2,0.0001,512,0.7689228958210712,0.779849630655315,0.7317476129456223,0.7540253018976423,0.6578533344564208,0.920882231249302,search3
rmsprop,2,"(64, 32)",0.0005,0.4,0.0001,256,0.7402589758681577,0.7798212608487812,0.7066934603097318,0.7137722829212191,0.6247080230133792,0.9129404214358824,search3
adam,8,"(128, 64)",0.0005,0.2,0.001,256,0.785167745732784,0.77982082281102,0.7432643639996938,0.7511500862564693,0.6755300788014431,0.9286972686069856,search3
sgd,2,"(128, 64)",0.005,0.2,0.001,256,0.7872277810476751,0.7797793917394364,0.7463263186778893,0.7607119314436388,0.6750967018410328,0.930826051300186,search3
adam,4,"(256, 128)",0.001,0.3,0.001,256,0.8040612124779282,0.7797494828998536,0.7593316839745156,0.7198417930125247,0.695642539939965,0.9363061322305417,search3
rmsprop,4,"(128, 64)",0.0005,0.4,0.0001,256,0.7623307828134197,0.7796533849352355,0.7264052156763939,0.7397929844738356,0.6563111633142754,0.9207619640765369,search3
adam,2,"(256, 128)",0.0005,0.3,0.0001,256,0.788993525603296,0.7796048006191838,0.7475982093285759,0.7600527356624918,0.6817571993734448,0.9312331296704365,search3
sgd,2,"(128, 64)",0.005,0.2,0.001,512,0.7607416127133608,0.7795556662857929,0.7262931500206083,0.7411060232476224,0.6470740778522026,0.9162132111506273,search3
rmsprop,2,"(128, 64)",0.005,0.3,0.001,256,0.7922307239552678,0.7795253771822263,0.7444541344597138,0.6871765382403681,0.6883977839242129,0.9364056824468738,search3
rmsprop,8,"(64, 32)",0.001,0.3,0.001,512,0.7614479105356092,0.7794845787403668,0.7228912397827081,0.7170787809085681,0.6468440486982565,0.9215293227600335,search3
adamw,4,"(128, 64)",0.0005,0.4,0.0001,256,0.7639199529134785,0.7794816335127878,0.7277979460197327,0.7560173770106845,0.6557808712466457,0.9214862604231642,search3
adamw,4,"(256, 128)",0.002,0.3,0.0001,256,0.8015891701000588,0.7794664845696486,0.7559583035535771,0.7244561634805537,0.6882620873501162,0.9351780782960323,search3
rmsprop,2,"(256, 128)",0.005,0.3,0.0001,256,0.8066509711595056,0.7794031905832877,0.7595261803001506,0.7145682267633487,0.7108260660485306,0.9375878580965494,search3
adamw,4,"(128, 64)",0.0005,0.3,0.001,256,0.7781047675103002,0.7793235824349183,0.739630206035939,0.766676250718804,0.673937898379781,0.9260427152543357,search3
rmsprop,8,"(256, 128)",0.001,0.4,0.0001,256,0.7959387875220718,0.779178473369337,0.7556932511486213,0.7350032959789057,0.6877937386950934,0.9318695459426317,search3
adam,2,"(128, 64)",0.0005,0.3,0.0001,512,0.7562095350206004,0.7790698401417803,0.72154743026235,0.7465069860279441,0.6451826477235458,0.9160085013783328,search3
adam,4,"(128, 64)",0.0005,0.3,0.0001,256,0.7771041789287816,0.7790243730023408,0.7385855433451306,0.7638010350776309,0.6721915111798255,0.9265260552574768,search3
rmsprop,2,"(256, 128)",0.0005,0.4,0.001,512,0.7729252501471454,0.7790203833181829,0.7329590371818334,0.7412305922944221,0.6648284029825602,0.9241108200851231,search3
sgd,4,"(64, 32)",0.002,0.2,0.0001,256,0.7576221306650971,0.778984297761923,0.7202083224216066,0.7416618746405981,0.6390890269872622,0.9156677918919565,search3
adamw,8,"(64, 32)",0.001,0.2,0.001,512,0.7679223072395527,0.7788933684233198,0.7318237061583708,0.7551753881541116,0.6539669107876636,0.9227176514821371,search3
adam,2,"(256, 128)",0.0005,0.3,0.0001,512,0.7750441436138905,0.7788769953896949,0.7354325301875543,0.7512938470385279,0.6687073828501304,0.923891921359992,search3
rmsprop,4,"(128, 64)",0.001,0.3,0.001,512,0.7792230723955268,0.7788529756329711,0.7398867654048691,0.7586256469235193,0.6739219220804116,0.9254373155604642,search3
adamw,2,"(128, 64)",0.0005,0.3,0.0001,512,0.7552089464390818,0.7788282653355157,0.720055098612923,0.7446808510638298,0.6441033562909609,0.9154324115537046,search3
adam,8,"(64, 32)",0.0005,0.4,0.0001,256,0.7415538552089465,0.7787385662627425,0.7062743926603696,0.7203852788959172,0.627760919081237,0.9104574615820805,search3
adamw,2,"(64, 32)",0.0005,0.2,0.001,512,0.7433195997645674,0.7786446816787795,0.7082869778366141,0.7173663024726854,0.630361731903043,0.9113362139929739,search3
adamw,2,"(256, 128)",0.0005,0.3,0.001,256,0.7892289582107122,0.7786289313943277,0.7485679907819921,0.7554383651944627,0.6812515538397985,0.9309892230821832,search3
adamw,4,"(256, 128)",0.001,0.4,0.001,512,0.7855797527957622,0.7784743715817098,0.7450225018603058,0.7482748706152962,0.685580584820204,0.9290981675575908,search3
rmsprop,8,"(128, 64)",0.0005,0.3,0.0001,256,0.7679811653914067,0.7784450351279361,0.7289366153221245,0.7235480161012076,0.6562466739528903,0.9214549077128856,search3
rmsprop,2,"(256, 128)",0.002,0.4,0.0001,512,0.8013537374926427,0.7783103510042745,0.7570049799846305,0.7211601845748187,0.6915632175275737,0.9340354744686815,search3
rmsprop,2,"(128, 64)",0.002,0.3,0.0001,256,0.8059446733372572,0.778308298457033,0.7616686915903524,0.7178642056690837,0.6958034863591203,0.9386405902357385,search3
rmsprop,4,"(256, 128)",0.0005,0.4,0.001,256,0.7828722778104767,0.7781155301419879,0.7427776090223818,0.7659574468085106,0.6787273629685352,0.9275895301041629,search3
rmsprop,2,"(256, 128)",0.001,0.4,0.001,512,0.7917010005885815,0.7780528713927187,0.7478800906462656,0.7475280158206987,0.6830485851760069,0.9333197202732048,search3
adamw,2,"(256, 128)",0.0005,0.3,0.0001,512,0.7743967039434961,0.7780276602062196,0.7352713230672713,0.753306497987349,0.6663276798231175,0.923717100256531,search3
rmsprop,8,"(128, 64)",0.005,0.2,0.001,512,0.7971159505591524,0.77802021191752,0.7548793850219617,0.7350032959789057,0.6911570548104873,0.9349310495573104,search3
rmsprop,4,"(128, 64)",0.001,0.2,0.001,256,0.7979399646851089,0.7780115395383348,0.7531107662882018,0.7310481212920237,0.6941856080310702,0.9326054846317966,search3
sgd,8,"(64, 32)",0.005,0.4,0.0001,256,0.7472630959387875,0.7779541834886684,0.7138826394763126,0.7306563343900434,0.6319007450902279,0.9118010108534316,search3
adamw,2,"(128, 64)",0.0005,0.3,0.001,512,0.7546792230723955,0.7779040512196259,0.7195232194632823,0.7412305922944221,0.6442069474893265,0.9159250982189379,search3
rmsprop,2,"(64, 32)",0.005,0.2,0.0001,512,0.7878752207180695,0.7778637903071871,0.743601961584762,0.7517251293847038,0.6729720852309393,0.9316752372041219,search3
rmsprop,4,"(128, 64)",0.002,0.2,0.001,256,0.7996468510888758,0.777859290951273,0.7504635572472714,0.7303889255108768,0.6954973341345245,0.9328947572900045,search3
sgd,4,"(256, 128)",0.005,0.3,0.001,256,0.7808122424955857,0.7778226894106829,0.7411463318061408,0.7540253018976423,0.6749262358203718,0.9250962139423374,search3
rmsprop,2,"(128, 64)",0.002,0.3,0.001,512,0.805591524426133,0.7778226166788492,0.7596944636741138,0.7172050098879367,0.697490319645196,0.9375587630505136,search3
adamw,8,"(64, 32)",0.0005,0.3,0.001,256,0.755385520894644,0.7777605616038002,0.7185428110591273,0.7459746981023577,0.6374494895535074,0.916836062167207,search3
adam,2,"(64, 32)",0.0005,0.3,0.001,512,0.7356091818716892,0.7777339267945771,0.7017361667078411,0.7124784358826912,0.6174556118857586,0.9085779399073871,search3
adamw,4,"(256, 128)",0.005,0.2,0.001,256,0.807474985285462,0.7777274377427044,0.7590725252559576,0.7073170731707317,0.6967738313771504,0.9351996619743447,search3
rmsprop,2,"(256, 128)",0.0005,0.4,0.0001,512,0.7669217186580342,0.7777021536871415,0.7282433295351863,0.7406555491661875,0.6562945025244059,0.9214196512777463,search3
adamw,4,"(128, 64)",0.001,0.2,0.001,256,0.8045320776927605,0.7776972877902311,0.7588820116230396,0.7112722478576137,0.7017728157816876,0.935096729684974,search3
adamw,8,"(128, 64)",0.001,0.2,0.001,256,0.7975279576221307,0.7776184630872186,0.7521436041420545,0.7303889255108768,0.6857797968070862,0.9324810960479611,search3
rmsprop,4,"(64, 32)",0.0005,0.4,0.0001,256,0.7366686286050618,0.7776111514794746,0.6998442976395548,0.6841575618171363,0.6281221960263885,0.9113490895204971,search3
adam,4,"(256, 128)",0.001,0.4,0.0001,512,0.7883460859329017,0.7775939449115884,0.7485008207098577,0.7554383651944627,0.6858922286766047,0.9309469943006956,search3
adamw,8,"(256, 128)",0.001,0.3,0.0001,256,0.7982342554443791,0.7775490815835994,0.7536995560294901,0.7264337508239948,0.6883111453746853,0.9316277928174497,search3
adam,8,"(64, 32)",0.001,0.2,0.0001,512,0.7706886403766922,0.777503536497591,0.7341570397958187,0.7584818861414606,0.6584148127277801,0.9231886207284425,search3
adamw,4,"(128, 64)",0.001,0.2,0.0001,512,0.7899352560329606,0.7774271310200459,0.7498970630988072,0.7468688200395518,0.6840160379195297,0.930688217049159,search3
sgd,8,"(64, 32)",0.005,0.3,0.0001,256,0.7613890523837552,0.7773332338109343,0.7252117695547264,0.7534502587694077,0.651304618112862,0.9187307277637101,search3
sgd,8,"(64, 32)",0.005,0.4,0.001,256,0.7499705709240729,0.7772925986726262,0.716717308374012,0.7391100152635904,0.6374020573451116,0.9138464765739546,search3
adamw,2,"(256, 128)",0.005,0.2,0.0001,512,0.8050029429075927,0.7772605682591749,0.7568407194124799,0.7073170731707317,0.693858659233068,0.9340296305758166,search3
adamw,4,"(128, 64)",0.0005,0.3,0.0001,256,0.7751618599175986,0.7771910548776457,0.7378153469004989,0.7638010350776309,0.6712759351621611,0.9257595842954848,search3
rmsprop,4,"(128, 64)",0.002,0.4,0.0001,512,0.7855797527957622,0.7771866145305779,0.7441296413549473,0.7567567567567568,0.6866783906218168,0.9307876074109388,search3
rmsprop,8,"(128, 64)",0.005,0.3,0.001,256,0.7746909947027664,0.7771512258276237,0.7263972687690625,0.6677688326624497,0.6582968280305562,0.9245206386531213,search3
adamw,8,"(64, 32)",0.001,0.4,0.001,512,0.7453207769276045,0.7771363540888322,0.7116506239508155,0.7300172512938471,0.6367818187822236,0.9138159299584707,search3
rmsprop,4,"(64, 32)",0.0005,0.2,0.001,512,0.753678634490877,0.7771338445661066,0.7171679144969471,0.7129097182288672,0.6478153170618017,0.915005028457264,search3
rmsprop,4,"(256, 128)",0.005,0.4,0.001,256,0.790700412007063,0.777098793585875,0.7444558562505956,0.7488464073829928,0.6744520523202024,0.9347112787851062,search3
rmsprop,2,"(256, 128)",0.005,0.4,0.001,512,0.7716892289582107,0.7770814149317254,0.7262896241449308,0.7081656124209316,0.6645370933007213,0.9248404157976845,search3
rmsprop,8,"(64, 32)",0.0005,0.4,0.0001,256,0.7430253090052973,0.777077254396373,0.7088654591849645,0.7274295572167913,0.6241534807413052,0.9114649737083537,search3
adam,2,"(256, 128)",0.002,0.2,0.001,512,0.8098293113596233,0.7770599512186548,0.760378496643041,0.6941331575477917,0.6992832362351453,0.9369330730860513,search3
adam,8,"(256, 128)",0.0005,0.4,0.001,512,0.7675103001765744,0.7769523260817603,0.7277210480309018,0.7426682001150087,0.661580630343727,0.9209651170464109,search3
adam,4,"(64, 32)",0.0005,0.2,0.0001,512,0.7539729252501471,0.7768860203113311,0.7191659591503506,0.7292984473835538,0.6461349668929867,0.9144003184910884,search3
rmsprop,2,"(64, 32)",0.0005,0.2,0.001,512,0.7458505002942908,0.7768419365862624,0.708641941536794,0.7016963772282921,0.6323136956228737,0.9116529066986514,search3
adamw,4,"(128, 64)",0.001,0.2,0.001,512,0.7895821071218364,0.7767734828938287,0.748703230853739,0.7448912326961108,0.6837474623448705,0.9300666130752226,search3
adam,2,"(256, 128)",0.0005,0.3,0.001,512,0.7789876397881107,0.7767098863155932,0.7390395005553704,0.7586256469235193,0.6717804682514489,0.9265563618706442,search3
adamw,8,"(64, 32)",0.0005,0.3,0.0001,256,0.7517363154796939,0.7766920619388095,0.7148754616507098,0.7386428982173663,0.6323720334435424,0.9157625678884139,search3
rmsprop,8,"(128, 64)",0.001,0.3,0.0001,512,0.7793407886992348,0.776655400291534,0.7380721694802087,0.7272857964347326,0.6707141292029238,0.9260560355780125,search3
adam,8,"(256, 128)",0.0005,0.4,0.0001,256,0.7821659799882283,0.7765815407026314,0.7405022775631096,0.7620303230059328,0.6731610675256348,0.9267634085354993,search3
rmsprop,8,"(64, 32)",0.002,0.2,0.0001,512,0.7775750441436139,0.7765044573095037,0.7351786436277522,0.7203852788959172,0.6699842619067442,0.926221960034895,search3
adamw,4,"(256, 128)",0.0005,0.4,0.0001,256,0.7756327251324309,0.7764150808641667,0.7366787046657587,0.7459746981023577,0.6705529318905463,0.9246874917675854,search3
sgd,2,"(64, 32)",0.001,0.2,0.001,256,0.7220129487934079,0.7764131737805928,0.689373306903021,0.6969522714203565,0.5996661041623674,0.8997539338796171,search3
adam,8,"(64, 32)",0.0005,0.3,0.0001,256,0.7540906415538552,0.7763890410836819,0.7171030128944187,0.7435307648073606,0.6378096556268156,0.9156753464361279,search3
sgd,2,"(64, 32)",0.001,0.2,0.0001,256,0.72218952324897,0.7763851228962887,0.689919357137883,0.6975273145485912,0.6000351344800867,0.8996291125397615,search3
adamw,8,"(64, 32)",0.001,0.4,0.0001,512,0.7429664508534431,0.7763354890461525,0.7086137944505632,0.715928694652099,0.629293818744473,0.9128217386441584,search3
sgd,2,"(128, 64)",0.005,0.2,0.0001,512,0.7559741024131842,0.7763125200585822,0.7232164648984537,0.7394622519666549,0.6448701987459742,0.9145793956918785,search3
adam,2,"(64, 32)",0.0005,0.3,0.0001,512,0.7337257210123602,0.7762482380171206,0.6998083560762766,0.7116158711903393,0.6132962688517186,0.9064505318934725,search3
rmsprop,4,"(256, 128)",0.002,0.3,0.001,256,0.8044732195409064,0.7762161473597541,0.7616995966764059,0.7040210942649967,0.70075715395837,0.9354180176417995,search3
adamw,8,"(128, 64)",0.001,0.2,0.0001,256,0.7923484402589759,0.7762108545407024,0.7483700227437907,0.7396176664469347,0.6739512709624731,0.9317627847150063,search3
adam,8,"(128, 64)",0.0005,0.2,0.0001,256,0.7781047675103002,0.7761952723628475,0.737121355067791,0.7479873490511788,0.6666579299266366,0.9246201094738197,search3
sgd,2,"(256, 128)",0.005,0.3,0.001,512,0.7570924072984109,0.7761855365893604,0.7200815142434792,0.7487378184806857,0.6408985521697614,0.91417147817383,search3
adam,8,"(128, 64)",0.0005,0.3,0.001,512,0.7572101236021189,0.7761754142393151,0.7204580886923758,0.7297297297297297,0.6484311987048501,0.9158881768881818,search3
adamw,8,"(64, 32)",0.001,0.2,0.0001,512,0.7698057680988817,0.7761534596549812,0.7300939612990162,0.7400805060379528,0.6527455496981815,0.922539158746566,search3
adamw,4,"(256, 128)",0.005,0.2,0.0001,256,0.7985285462036492,0.7760546162694825,0.7505501483854234,0.7270929466051417,0.6910224066374642,0.9305389091262173,search3
adamw,4,"(256, 128)",0.0005,0.4,0.001,256,0.7751030017657445,0.7760441862500573,0.7371798700901967,0.7515813686026452,0.6691526456498901,0.9244861905489193,search3
rmsprop,4,"(256, 128)",0.002,0.3,0.0001,256,0.8006474396703943,0.7760221287433172,0.7583665358304631,0.7152274225444957,0.6972339113931368,0.9333337037610381,search3
adam,2,"(128, 64)",0.0005,0.4,0.001,512,0.7447910535609182,0.7759601904508923,0.7088637912801268,0.731311098332375,0.6301299132841842,0.9115608636921424,search3
adamw,4,"(64, 32)",0.0005,0.2,0.001,512,0.7542672160094173,0.7759317227994574,0.7190567086882581,0.7311673375503163,0.6473151002934243,0.9135675071933776,search3
rmsprop,2,"(256, 128)",0.001,0.3,0.0001,256,0.8070041200706298,0.7759064866371209,0.7609980611670016,0.6947923533289387,0.6929938732788443,0.9342101191155776,search3
rmsprop,8,"(64, 32)",0.0005,0.3,0.0001,256,0.7533843437316068,0.7758727247943358,0.7181822369429884,0.7338987924094307,0.6415550026682447,0.9161464653890067,search3
rmsprop,2,"(128, 64)",0.001,0.2,0.0001,256,0.8031194820482637,0.7758511720190762,0.7574352457081767,0.7086354647330257,0.6911934419941322,0.9356173713708097,search3
adamw,2,"(64, 32)",0.0005,0.3,0.001,512,0.7338434373160683,0.7758286435394047,0.6996061255678058,0.7123346751006325,0.6140776769310412,0.9065216898895502,search3
sgd,2,"(256, 128)",0.005,0.2,0.001,256,0.7950559152442613,0.7758083863513957,0.7497145393794092,0.7257745550428477,0.6839809226224058,0.9327841301452552,search3
adam,4,"(256, 128)",0.0005,0.4,0.0001,256,0.7769864626250735,0.7757288674024451,0.7383759543217043,0.749568717653824,0.6718587139661197,0.9251560920738854,search3
adam,4,"(256, 128)",0.005,0.2,0.0001,512,0.8019423190111831,0.7756650888573953,0.7574287437938535,0.7132498352010547,0.7002722163608275,0.932593034261712,search3
adamw,8,"(64, 32)",0.0005,0.4,0.001,256,0.7394938198940554,0.7756127556956164,0.7054656711602778,0.7123346751006325,0.6282604848743194,0.9108114262623163,search3
rmsprop,8,"(256, 128)",0.002,0.4,0.0001,256,0.8029429075927016,0.7756036779393801,0.7608429185397393,0.7053394858272907,0.6955594458266687,0.9340107249263786,search3
adamw,2,"(64, 32)",0.0005,0.3,0.0001,512,0.7340200117716303,0.7755360149654865,0.6998637789854065,0.7144910868315124,0.6130960702829727,0.9064420303240732,search3
adam,2,"(128, 64)",0.0005,0.4,0.0001,512,0.7396115361977634,0.7754906858793015,0.7048060892482543,0.7238355376653249,0.624828690240399,0.9093766180971296,search3
rmsprop,4,"(128, 64)",0.005,0.3,0.001,512,0.753619776339023,0.7754479906461086,0.7234625906428055,0.7368791828108489,0.6423690244028587,0.9157024793768755,search3
adam,4,"(128, 64)",0.002,0.2,0.0001,512,0.7939964685108888,0.7754349081104283,0.7502576916903605,0.7277521423862887,0.6914568981300782,0.9340825863408551,search3
adamw,2,"(256, 128)",0.005,0.2,0.001,256,0.8063566804002354,0.7753793637695726,0.7615181354363921,0.6947923533289387,0.6993132121359148,0.9357641309115873,search3
adamw,2,"(256, 128)",0.005,0.2,0.0001,256,0.8046497939964685,0.7753301303562118,0.7584307204339531,0.7013843111404087,0.6951444303475107,0.9359177247416328,search3
rmsprop,2,"(256, 128)",0.0005,0.3,0.001,256,0.7989994114184814,0.7753242625439833,0.7545528303486492,0.7132498352010547,0.6846061948859186,0.9325387690280592,search3
rmsprop,2,"(128, 64)",0.001,0.3,0.0001,512,0.7918187168922896,0.7752713043001235,0.7523432185787994,0.7303889255108768,0.683858885530213,0.9322909163692393,search3
rmsprop,4,"(256, 128)",0.005,0.3,0.0001,256,0.8042966450853444,0.7752215424145138,0.7554976077941299,0.7053394858272907,0.7005702814084962,0.9324239428471635,search3
adamw,2,"(128, 64)",0.0005,0.4,0.001,512,0.740788699234844,0.7751712091037044,0.7056180340438378,0.7272513795937536,0.6240619831774361,0.9090900141566154,search3
rmsprop,2,"(128, 64)",0.001,0.3,0.001,512,0.7957033549146557,0.7751701433764945,0.7516147239205919,0.7237969676994067,0.6891132163184723,0.9317674423837525,search3
adam,4,"(64, 32)",0.0005,0.2,0.001,512,0.7562095350206004,0.7751615173810071,0.7201027595572677,0.7328924669350201,0.6468197817374732,0.9162188007122616,search3
rmsprop,4,"(64, 32)",0.0005,0.2,0.0001,512,0.7531489111241907,0.7750986225963529,0.7161364218664258,0.7149223691776884,0.6459000517768816,0.9136263246622972,search3
rmsprop,8,"(128, 64)",0.002,0.2,0.0001,512,0.7865803413772807,0.7750760466351446,0.7424259303812693,0.7379240943070731,0.6763125649327664,0.9271097303806125,search3
rmsprop,4,"(256, 128)",0.001,0.4,0.0001,256,0.7982931135962331,0.7750598957766873,0.7542012499848227,0.7172050098879367,0.69183693303481,0.933127898766401,search3
adam,8,"(256, 128)",0.001,0.3,0.0001,256,0.7988228369629193,0.7749647758493889,0.7543923362365016,0.7125906394199077,0.6882585924316629,0.932950027290885,search3
adam,4,"(128, 64)",0.0005,0.2,0.001,256,0.7930547380812243,0.7749075052939346,0.7497294987081875,0.7303889255108768,0.683793240359323,0.9307231840030258,search3
adam,8,"(64, 32)",0.001,0.4,0.0001,512,0.7428487345497351,0.7748212409477047,0.7088837066470658,0.7160724554341575,0.6350490012463748,0.9123078099420323,search3
sgd,8,"(256, 128)",0.005,0.3,0.0001,256,0.777869334902884,0.7747339686480422,0.7380552508586167,0.7666446934739618,0.6643716480898648,0.9258198867707984,search3
adamw,8,"(128, 64)",0.0005,0.2,0.001,256,0.7762801648028252,0.774696023901435,0.7359365710750531,0.746262219666475,0.6675347299358367,0.9243793965380819,search3
adamw,4,"(64, 32)",0.0005,0.2,0.0001,512,0.7528546203649206,0.7746938080506421,0.7171309998515595,0.726279470960322,0.6453732116601218,0.9139675825271555,search3
rmsprop,4,"(64, 32)",0.005,0.3,0.0001,512,0.7723955267804591,0.7745666011711837,0.7332260548003262,0.7213916043703278,0.6641639856957249,0.9245008489237018,search3
adam,4,"(256, 128)",0.002,0.3,0.0001,512,0.8024131842260153,0.7745636258902623,0.7564842446007661,0.7073170731707317,0.6941775453724036,0.9335365786652298,search3
adam,8,"(128, 64)",0.0005,0.4,0.001,512,0.7457916421424368,0.7745522504942278,0.7093375009748014,0.7239792984473835,0.6332250994575848,0.9103544577987742,search3
rmsprop,2,"(64, 32)",0.0005,0.2,0.0001,512,0.742554443790465,0.774483367409515,0.7056041177338441,0.6989649223691777,0.6306329140541246,0.9106326666738574,search3
adam,8,"(256, 128)",0.002,0.2,0.001,256,0.8060035314891112,0.7744287596625566,0.7589386741220009,0.6895187870797627,0.6962589980724239,0.937542058670349,search3
adamw,8,"(256, 128)",0.002,0.3,0.001,512,0.7941141848145968,0.7742940277828986,0.7492403131269714,0.7244561634805537,0.6852203033223296,0.9327824077525223,search3
adamw,4,"(256, 128)",0.001,0.3,0.001,256,0.7973513831665686,0.7742629777396747,0.7528995943762588,0.7178642056690837,0.6900989076422925,0.9329077300639473,search3
adamw,2,"(128, 64)",0.0005,0.4,0.0001,512,0.7397881106533255,0.7742374501010835,0.704429482435291,0.7265469061876247,0.6232840928448258,0.9089579703478666,search3
rmsprop,2,"(256, 128)",0.0005,0.3,0.0001,256,0.7921718658034138,0.7742090201878645,0.7484254125144917,0.7284113381674358,0.6776884032204489,0.9296049427543851,search3
rmsprop,2,"(64, 32)",0.0005,0.3,0.001,512,0.738905238375515,0.7741789756279353,0.7038983843691909,0.7041403105232893,0.6264794786507122,0.9087590384777258,search3
rmsprop,4,"(64, 32)",0.005,0.2,0.0001,512,0.7526191877575044,0.7741711318427358,0.7146117794577593,0.7291546866014951,0.6455596922564539,0.9161889923960378,search3
adamw,8,"(64, 32)",0.0005,0.4,0.0001,256,0.7381400824014126,0.7741472162434869,0.7035489478088263,0.7208165612420931,0.6260016431451334,0.910047193048658,search3
adam,2,"(256, 128)",0.005,0.2,0.0001,512,0.8027074749852855,0.7741154569962689,0.7545631493403042,0.6987475280158207,0.6961824461018103,0.9359804823059662,search3
adamw,4,"(256, 128)",0.002,0.3,0.001,512,0.79635079458505,0.7739851793238959,0.750963112800268,0.7191825972313777,0.6863868754143373,0.9316053366086988,search3
adamw,8,"(256, 128)",0.0005,0.4,0.0001,256,0.777751618599176,0.7739832597524033,0.7365825143921257,0.7659854976928148,0.6703489568333655,0.9241377872165683,search3
adam,8,"(128, 64)",0.0005,0.2,0.001,512,0.7701589170100059,0.7739302236992044,0.7312897641894889,0.7412305922944221,0.6624238197527177,0.919423429070611,search3
adam,4,"(128, 64)",0.0005,0.2,0.0001,256,0.7848734549735138,0.7739120051982193,0.7442449119811925,0.7468688200395518,0.6753189982483226,0.9271647463642041,search3
rmsprop,2,"(128, 64)",0.0005,0.3,0.001,512,0.7668628605061801,0.773888665827216,0.7304814707928946,0.761644623346751,0.6642281217224886,0.918521746501996,search3
rmsprop,8,"(128, 64)",0.0005,0.4,0.001,512,0.746380223660977,0.7737343445201211,0.7106052980835207,0.7130534790109259,0.6423264438800431,0.9125000232006498,search3
adamw,4,"(256, 128)",0.001,0.4,0.0001,512,0.7868157739846969,0.7737132085119921,0.7464744717049756,0.7448912326961108,0.6850702907190656,0.928840271102985,search3
adamw,8,"(128, 64)",0.001,0.2,0.0001,512,0.7792230723955268,0.7736980569614852,0.7371172466019426,0.7422369177688327,0.6696105551268097,0.9249766294434796,search3
adam,4,"(256, 128)",0.0005,0.3,0.001,256,0.7905826957033549,0.7736699295029107,0.7501148735787635,0.7330257086354647,0.6863855667029258,0.9300823964913058,search3
rmsprop,4,"(64, 32)",0.0005,0.3,0.001,512,0.738905238375515,0.773599307578451,0.7018304642914553,0.6946520989074181,0.6304895377670308,0.907917449810194,search3
sgd,4,"(256, 128)",0.005,0.3,0.0001,256,0.7753972925250148,0.7735798073504326,0.7348969612992965,0.7494249568717654,0.6674478619688983,0.9218236091914735,search3
adam,2,"(256, 128)",0.002,0.2,0.0001,256,0.8065332548557975,0.7734449110693844,0.7589342187452323,0.6882003955174687,0.6936724402578308,0.934179806176004,search3
adam,8,"(256, 128)",0.002,0.3,0.0001,512,0.7958799293702178,0.773421791403411,0.7517761689159331,0.7139090309822017,0.6857284849499514,0.9317589180936673,search3
adamw,8,"(256, 128)",0.0005,0.4,0.001,256,0.7788110653325485,0.7733922854707416,0.7367935945782214,0.7607119314436388,0.6677930373699577,0.9251909714699278,search3
rmsprop,8,"(128, 64)",0.001,0.2,0.0001,256,0.7941141848145968,0.7732625891041195,0.7503113837606826,0.7251153592617007,0.6828806988909348,0.931402854053022,search3
adamw,4,"(256, 128)",0.002,0.3,0.0001,512,0.7996468510888758,0.7731622178011915,0.7538570330785515,0.7059986816084377,0.693307387005518,0.9328043352257129,search3
adam,4,"(128, 64)",0.0005,0.3,0.0001,512,0.7530900529723367,0.7730625469195461,0.7173208009170734,0.744628390278267,0.6429368469994736,0.9142578222965804,search3
adamw,8,"(128, 64)",0.0005,0.2,0.0001,256,0.776044732195409,0.7728614265198442,0.7353539879490357,0.7453996549741231,0.662401502651063,0.9242588596091573,search3
rmsprop,2,"(256, 128)",0.0005,0.3,0.0001,512,0.777751618599176,0.7728590550503731,0.7366335120347381,0.750431282346176,0.6690362979999875,0.923395706049727,search3
rmsprop,2,"(128, 64)",0.0005,0.4,0.001,512,0.751795173631548,0.7727872216605759,0.7150094980217929,0.7411060232476224,0.6416344065972741,0.9126956356203472,search3
adamw,8,"(256, 128)",0.005,0.2,0.001,256,0.8057092407298411,0.7727724116752283,0.7605332656187938,0.6809492419248517,0.6939578201126665,0.9334965750962576,search3
sgd,4,"(64, 32)",0.005,0.3,0.001,512,0.7353148911124191,0.7727675820070048,0.700517259337456,0.714203565267395,0.6248612610026322,0.9061564790814772,search3
sgd,8,"(128, 64)",0.002,0.2,0.0001,256,0.7446733372572101,0.7727250725830629,0.7097701435410918,0.7239792984473835,0.6249622119775893,0.9095323916368893,search3
adamw,8,"(256, 128)",0.005,0.2,0.0001,256,0.8048852266038846,0.7727009461987261,0.761650363753457,0.6835860250494397,0.7004358301891591,0.9326260368523979,search3
sgd,8,"(64, 32)",0.005,0.2,0.0001,512,0.7496762801648028,0.7725919237872437,0.7133658001746713,0.7353364002300172,0.6380825133533583,0.9117527631670385,search3
adamw,2,"(256, 128)",0.0005,0.3,0.001,512,0.7738081224249559,0.7725258503469931,0.7330478701233843,0.7583381253594019,0.6640055200281905,0.9241612780360194,search3
rmsprop,4,"(128, 64)",0.0005,0.4,0.001,512,0.7473219540906415,0.7725211274436125,0.7108955822240421,0.7272857964347326,0.6387516738108552,0.9125744955650824,search3
adamw,4,"(128, 64)",0.0005,0.3,0.0001,512,0.7527957622130665,0.7724968879818587,0.7167688607627749,0.7443935658095574,0.6418089610693687,0.9142238146548518,search3
adam,4,"(128, 64)",0.0005,0.3,0.001,512,0.7580341377280754,0.7723457240597295,0.7217450835786933,0.7497124784358827,0.6508984014494609,0.9175674547815224,search3
adamw,2,"(256, 128)",0.005,0.2,0.001,512,0.805414949970571,0.772277539063391,0.7555641480065886,0.6855636123928807,0.690457828314263,0.9342873928571481,search3
adamw,4,"(128, 64)",0.0005,0.3,0.001,512,0.7529723366686286,0.7722618940342533,0.7175016666526401,0.7448632147469766,0.6434263482057652,0.9144772146948039,search3
rmsprop,4,"(256, 128)",0.0005,0.4,0.001,512,0.7682165979988228,0.7722110826145591,0.7304611303882735,0.7430994824611846,0.664278573758525,0.9205789755426744,search3
rmsprop,2,"(256, 128)",0.0005,0.3,0.001,512,0.7838140082401412,0.7721887212808755,0.7416193459071544,0.7468688200395518,0.6715123862077248,0.925740270423959,search3
sgd,2,"(256, 128)",0.005,0.4,0.001,512,0.7430253090052973,0.7721589491222484,0.708660245284451,0.7252553716097218,0.6254583175234767,0.9077933869847694,search3
adamw,4,"(256, 128)",0.001,0.3,0.0001,256,0.7956444967628017,0.7720543007758041,0.7504975840985328,0.7152274225444957,0.688265488705514,0.9317645623390732,search3
sgd,2,"(64, 32)",0.002,0.2,0.0001,512,0.7276044732195409,0.7720011980288856,0.6955916911388097,0.708817658800047,0.602994419970878,0.9000136458914447,search3
rmsprop,8,"(128, 64)",0.005,0.2,0.0001,256,0.7824014125956446,0.7719574672590555,0.7334970249889293,0.6939332949971247,0.6668881203047695,0.9290315599405713,search3
sgd,8,"(128, 64)",0.005,0.3,0.001,512,0.73708063566804,0.771915095751138,0.7022002676131351,0.7165037377803335,0.6213251845086203,0.9064664546910605,search3
sgd,4,"(256, 128)",0.005,0.4,0.0001,256,0.7558563861094761,0.7719005003933148,0.7178797082044467,0.7336112708453134,0.6405013393038548,0.9155267186287995,search3
rmsprop,2,"(256, 128)",0.002,0.4,0.001,512,0.7920541494997058,0.7718400826079055,0.7487143673384015,0.7251153592617007,0.6821052200663382,0.9318675353075262,search3
adamw,8,"(128, 64)",0.0005,0.3,0.001,512,0.7512654502648617,0.7717998667068656,0.7140360928014338,0.7287234042553191,0.6437572650155221,0.9125639490158525,search3
rmsprop,4,"(256, 128)",0.0005,0.4,0.0001,256,0.7761624484991171,0.7717699666499951,0.7363819283826073,0.7587694077055779,0.6690333120194663,0.923319635703895,search3
sgd,2,"(64, 32)",0.002,0.4,0.0001,256,0.7191877575044143,0.7717016081950946,0.6865073817133199,0.6993072678173066,0.5949359309295127,0.9001387358047849,search3
adam,8,"(256, 128)",0.0005,0.3,0.001,256,0.7909947027663331,0.7716807145349249,0.7489050479725591,0.7205009887936717,0.6793653113592732,0.930706485219185,search3
adam,8,"(256, 128)",0.0005,0.4,0.0001,512,0.757327839905827,0.7716372772997976,0.7168835386776635,0.7310235767682576,0.6453551666039993,0.9155420670464262,search3
sgd,4,"(256, 128)",0.005,0.4,0.001,256,0.763037080635668,0.7715999602426389,0.7239599796165423,0.7392179413456009,0.6522541137104727,0.918801885168333,search3
sgd,2,"(128, 64)",0.005,0.3,0.001,512,0.7447321954090641,0.7715571594796722,0.712749132565181,0.7243160737348832,0.6340312774571752,0.9094794365357246,search3
adam,4,"(256, 128)",0.0005,0.4,0.0001,512,0.7638022366097704,0.7715510582394264,0.7271664393309928,0.753737780333525,0.6570471061094576,0.9174813837282242,search3
rmsprop,8,"(128, 64)",0.001,0.2,0.001,256,0.7935844614479105,0.7714870072930746,0.7471275270158971,0.7191825972313777,0.6798572663423998,0.9308967607358049,search3
adamw,2,"(256, 128)",0.002,0.2,0.001,256,0.8084755738669805,0.7714193268909867,0.7613600317547133,0.6756756756756757,0.6965823880503633,0.9339481126808993,search3
adam,4,"(64, 32)",0.0005,0.3,0.001,512,0.7414361389052384,0.7713261790942232,0.7061500599594511,0.7215353651523865,0.6285286385959344,0.9092999313061124,search3
rmsprop,4,"(64, 32)",0.0005,0.3,0.0001,512,0.7348440258975868,0.7712512323702502,0.6986128514834323,0.6945083381253594,0.6259080300052928,0.9061261969316342,search3
rmsprop,2,"(128, 64)",0.005,0.4,0.001,256,0.7781636256621542,0.7711716884454622,0.7359976990268287,0.7094594594594594,0.6664043904925756,0.9288729438067139,search3
sgd,2,"(256, 128)",0.005,0.3,0.0001,512,0.7533254855797528,0.7711397908705299,0.716401467304232,0.7453328636843959,0.6369330779568694,0.9129370737968396,search3
rmsprop,4,"(256, 128)",0.001,0.4,0.0001,512,0.788816951147734,0.7711262513593655,0.750205572268729,0.7284113381674358,0.6865921816133533,0.9289354830380497,search3
sgd,2,"(256, 128)",0.005,0.2,0.001,512,0.7734549735138316,0.7711212911855311,0.7350815906335265,0.7653263019116677,0.6608186449341535,0.9206006909974508,search3
adam,4,"(256, 128)",0.0005,0.4,0.001,512,0.7679223072395527,0.7710926728556934,0.7309679707011565,0.7546003450258769,0.6618681215598916,0.9212563380691524,search3
adamw,8,"(256, 128)",0.0005,0.4,0.0001,512,0.7568569746909947,0.7710771660170398,0.717301967068685,0.7328924669350201,0.6456445598135997,0.9151141015166678,search3
rmsprop,2,"(128, 64)",0.005,0.4,0.0001,512,0.7747498528546204,0.77102987605317,0.7381813401224265,0.7058654399079931,0.6629148745424852,0.9275855041864757,search3
sgd,4,"(256, 128)",0.005,0.2,0.001,256,0.7895232489699824,0.7709695648953736,0.745293655196916,0.7303889255108768,0.6827757096804752,0.9269450811027484,search3
sgd,2,"(64, 32)",0.002,0.2,0.001,512,0.7273690406121248,0.7709016068772486,0.6954194152216729,0.7071738875190795,0.6033588367069728,0.9007184735262355,search3
adam,8,"(128, 64)",0.0005,0.2,0.0001,512,0.7656268393172454,0.7708172785700961,0.7250610696161451,0.7307360552041403,0.6544953026902701,0.9163004702233529,search3
sgd,8,"(128, 64)",0.005,0.2,0.001,512,0.7528546203649206,0.7707838695453199,0.7180214807799103,0.742093156986774,0.6377213760553804,0.9126232075245028,search3
sgd,2,"(64, 32)",0.002,0.4,0.001,256,0.7191877575044143,0.7707810699186384,0.6861143913124911,0.7001291534577903,0.5944573781650524,0.9006382883515953,search3
rmsprop,4,"(128, 64)",0.0005,0.4,0.0001,512,0.7422012948793408,0.7707299873327109,0.7060289378339334,0.7182288671650374,0.632405125479421,0.9099568496778118,search3
adamw,8,"(256, 128)",0.001,0.3,0.0001,512,0.7875220718069452,0.7707082160874902,0.7443028012766226,0.7277521423862887,0.6782351264859285,0.9282264306029612,search3
adam,8,"(256, 128)",0.002,0.2,0.001,512,0.8091230135373749,0.7706526629639224,0.7610398918606492,0.6671061305207646,0.6973858713569643,0.9336926277618001,search3
adam,8,"(128, 64)",0.0005,0.3,0.0001,512,0.7513831665685697,0.7706315456190564,0.7135961730105485,0.7290109258194365,0.6413690518937903,0.9125498108463125,search3
rmsprop,4,"(128, 64)",0.002,0.3,0.001,512,0.7919952913478516,0.7706267965047697,0.7446698433376944,0.7231377719182597,0.681892857366581,0.9315652579225416,search3
sgd,8,"(256, 128)",0.005,0.3,0.001,256,0.7821659799882283,0.7704665835074483,0.7401481079878104,0.7382992748846408,0.6673924489726708,0.927684112359735,search3
rmsprop,8,"(128, 64)",0.0005,0.2,0.001,256,0.7769276044732195,0.7704371077653512,0.7351063376903341,0.7374928119608971,0.6652484254043225,0.9242028395824461,search3
sgd,4,"(128, 64)",0.005,0.2,0.001,512,0.7547969393761036,0.7704176751916615,0.720084066238817,0.7480333450745568,0.6414370929328066,0.9146652914156491,search3
rmsprop,8,"(64, 32)",0.001,0.2,0.0001,512,0.7590347263095939,0.7703866490264359,0.7190769968726728,0.7215353651523865,0.6567460318916927,0.9163765973567456,search3
adam,4,"(128, 64)",0.0005,0.4,0.001,512,0.7420835785756327,0.7703827659698907,0.7049833999930061,0.7226723024539157,0.6245683158868667,0.9111290708989555,search3
rmsprop,2,"(128, 64)",0.001,0.2,0.001,512,0.7930547380812243,0.7703366235222363,0.7474002908913175,0.7205009887936717,0.6849847198419747,0.9306491043228687,search3
adamw,4,"(128, 64)",0.0005,0.4,0.0001,512,0.7374337845791642,0.770300629498303,0.7019022005454731,0.7168016907361747,0.6219543853142963,0.9079404187966444,search3
rmsprop,8,"(64, 32)",0.0005,0.3,0.001,512,0.7458505002942908,0.7702598726370956,0.7105895673215966,0.7328924669350201,0.6341377220317262,0.9100624634708351,search3
adamw,8,"(128, 64)",0.001,0.2,0.001,512,0.7750441436138905,0.7702534650997688,0.7324434409169993,0.7461184588844163,0.6575769922284826,0.9228841968520123,search3
rmsprop,4,"(64, 32)",0.0005,0.4,0.001,512,0.7284284873454974,0.7702178214237065,0.6912698559317167,0.6735192639447959,0.6152566352224327,0.9040447993420623,search3
adamw,8,"(256, 128)",0.0005,0.3,0.0001,256,0.7834608593290171,0.770174868884498,0.7425192502296459,0.7356624917600527,0.6708572518451117,0.9254874186726673,search3
adamw,4,"(128, 64)",0.0005,0.2,0.001,256,0.7845203060623896,0.770165747077472,0.7432738533729134,0.7330257086354647,0.6729725423349961,0.9266983200565487,search3
sgd,2,"(256, 128)",0.005,0.2,0.0001,512,0.7701000588581518,0.7701644954037814,0.731997487253238,0.7659574468085106,0.6588463494327159,0.9184569916376565,search3
rmsprop,4,"(256, 128)",0.005,0.3,0.001,256,0.7883460859329017,0.7701407179950169,0.7431143942657977,0.7277521423862887,0.6734913742207717,0.9296989003383533,search3
rmsprop,8,"(128, 64)",0.0005,0.2,0.0001,256,0.7724543849323131,0.7700925365858785,0.7313042288401905,0.7361989649223691,0.6609018197943979,0.922283576539466,search3
sgd,2,"(128, 64)",0.002,0.2,0.001,256,0.7459093584461448,0.770088790347519,0.7118315209507523,0.7268991428906892,0.6330498242707436,0.909316702331694,search3
rmsprop,2,"(256, 128)",0.005,0.3,0.001,512,0.7749264273101825,0.7700396022200168,0.7345942364911823,0.7409430707303047,0.6623350120967197,0.9258234162149673,search3
adamw,8,"(256, 128)",0.001,0.3,0.001,512,0.788816951147734,0.7700366545223002,0.7440490529750002,0.7224785761371127,0.6788396539213707,0.9296844398132192,search3
adamw,4,"(128, 64)",0.0005,0.2,0.0001,256,0.7856386109476162,0.7699674086017977,0.7431449000753817,0.7303889255108768,0.6723702958462068,0.9276134246276002,search3
adam,8,"(256, 128)",0.001,0.3,0.001,512,0.7967628016480283,0.7699292868286515,0.7529218566235772,0.6980883322346737,0.68950645605662,0.9341473665934665,search3
adamw,8,"(256, 128)",0.002,0.2,0.001,256,0.7966450853443202,0.769927304543106,0.7529206738479225,0.7000659195781147,0.6847490845566945,0.9298149055500696,search3
adamw,4,"(256, 128)",0.0005,0.3,0.001,256,0.7808122424955857,0.7699215371831464,0.7414877415871386,0.7481872116018458,0.679235204619088,0.925223996193257,search3
adam,8,"(128, 64)",0.001,0.2,0.0001,512,0.7792819305473808,0.7698722623263633,0.7366228149656804,0.7508239947264338,0.6652578410127215,0.9251128858579533,search3
adamw,8,"(256, 128)",0.005,0.2,0.0001,512,0.8007651559741024,0.7698674691612867,0.7594855719289587,0.6816084377059987,0.6911511158087271,0.9346164079209774,search3
rmsprop,2,"(64, 32)",0.0005,0.3,0.0001,512,0.7329017068864038,0.7698092971427831,0.6963453221955458,0.6979585968947671,0.6164186535492266,0.9070317963175296,search3
rmsprop,4,"(128, 64)",0.0005,0.3,0.0001,256,0.7718069452619187,0.7697915833732787,0.7317853058846877,0.7501437607820587,0.6644601826445563,0.9236816235037862,search3
adamw,4,"(128, 64)",0.0005,0.4,0.001,512,0.7367863449087698,0.7697735066307546,0.7010547561512714,0.7168016907361747,0.6221400925242255,0.9074333138055098,search3
adamw,8,"(256, 128)",0.0005,0.3,0.001,256,0.781518540317834,0.7697434848509846,0.7397099632019302,0.7402768622280818,0.6673941424841416,0.9249332391055228,search3
adamw,4,"(256, 128)",0.0005,0.4,0.0001,512,0.7631547969393762,0.7697021391363834,0.7269108149311063,0.754169062679701,0.6567403840016851,0.9170923428309051,search3
rmsprop,8,"(64, 32)",0.005,0.2,0.001,512,0.7599764567392584,0.7696690265281371,0.7162348403648373,0.652242668200115,0.6588470888773309,0.9186134304854597,search3
sgd,8,"(128, 64)",0.002,0.3,0.0001,256,0.7319011183048852,0.7696456757670543,0.6971113941636257,0.7002587694077056,0.6159221328301553,0.9026041657524221,search3
rmsprop,2,"(128, 64)",0.005,0.3,0.001,512,0.7581518540317834,0.7696068887034738,0.722207524218263,0.691776883266245,0.6468046505337106,0.9177494071671237,search3
rmsprop,4,"(256, 128)",0.001,0.4,0.001,512,0.7917010005885815,0.7696039058749092,0.7487783258646091,0.7158866183256427,0.6879114196700554,0.9318597472971826,search3
rmsprop,2,"(128, 64)",0.002,0.2,0.001,256,0.8126545026486168,0.7695975761469214,0.7647900193716781,0.6618325642715887,0.6981638441870286,0.9348644432451044,search3
adam,8,"(128, 64)",0.0005,0.4,0.0001,512,0.7367863449087698,0.7695758699486613,0.7010739388317043,0.7080218516388729,0.6250479273723939,0.9063336296119736,search3
adamw,4,"(256, 128)",0.002,0.2,0.0001,256,0.8007062978222483,0.769514857134514,0.7532824891741855,0.6901779828609097,0.6895778203806812,0.9284078271626655,search3
sgd,8,"(128, 64)",0.002,0.3,0.001,256,0.7350794585050029,0.7695118239425852,0.6998539885453702,0.7048591144335825,0.620523483320167,0.9045130162774062,search3
rmsprop,2,"(128, 64)",0.005,0.2,0.0001,256,0.8006474396703943,0.769440543177495,0.7554415723304091,0.7007251153592617,0.6943544276539386,0.9341375945285034,search3
rmsprop,4,"(256, 128)",0.001,0.3,0.001,256,0.8025309005297233,0.7694200410341588,0.7556671367627468,0.6855636123928807,0.6974960972040918,0.9326008348989591,search3
sgd,8,"(128, 64)",0.005,0.3,0.0001,512,0.7338434373160683,0.769318458128664,0.6991955468017698,0.7121909143185738,0.620152333188492,0.9046168316218924,search3
rmsprop,8,"(64, 32)",0.0005,0.4,0.001,512,0.7330782813419658,0.7693163239296469,0.6987448186308652,0.7116158711903393,0.6203192083216492,0.9054703214557999,search3
sgd,4,"(64, 32)",0.005,0.3,0.0001,512,0.7287816362566215,0.7692571313325622,0.6934790869928689,0.707159286946521,0.6137886885218159,0.9047862228954967,search3
adamw,8,"(128, 64)",0.0005,0.4,0.0001,512,0.736962919364332,0.7691915675640676,0.7003398157263391,0.7057216791259344,0.6224484308109253,0.9057237602309076,search3
sgd,8,"(128, 64)",0.005,0.2,0.0001,512,0.7465567981165392,0.769136549225323,0.7109288066647781,0.7245543415756182,0.6321016760314636,0.91143212102823,search3
rmsprop,8,"(128, 64)",0.0005,0.3,0.0001,512,0.7560918187168922,0.7690780484040388,0.7176906582417143,0.7173663024726854,0.6440970340431516,0.9134335773407036,search3
rmsprop,2,"(128, 64)",0.0005,0.3,0.0001,512,0.7636845203060624,0.7690663278748685,0.726779538591094,0.761644623346751,0.6579443853448316,0.9164873553796021,search3
adam,4,"(256, 128)",0.001,0.3,0.001,512,0.7961742201294879,0.7690444122638191,0.7534161390007666,0.7013843111404087,0.6935658594216165,0.931458052432851,search3
sgd,2,"(256, 128)",0.005,0.4,0.0001,512,0.738728663919953,0.7689945183630696,0.7040792378634917,0.7207937067042386,0.6222915280656527,0.9059667744148854,search3
rmsprop,2,"(128, 64)",0.0005,0.4,0.0001,512,0.7457916421424368,0.7689692017840265,0.7093754961702171,0.7360552041403106,0.6346679337708875,0.9099934569447794,search3
sgd,8,"(64, 32)",0.002,0.2,0.001,256,0.7479105356091819,0.7689624941249625,0.7109883856249412,0.73617470940472,0.6306765332769394,0.9089766817177828,search3
sgd,8,"(128, 64)",0.002,0.2,0.001,256,0.7453207769276045,0.7689316474564136,0.7082801194683942,0.7228292121909143,0.628430374427348,0.9098823018061938,search3
sgd,8,"(64, 32)",0.005,0.2,0.001,512,0.7509711595055916,0.7689232713565287,0.7147648004285275,0.7439620471535365,0.6356663621539629,0.9114974519475126,search3
rmsprop,2,"(256, 128)",0.001,0.3,0.001,256,0.8068275456150676,0.7688941045188805,0.7567803107042179,0.6677653263019117,0.6921964862685888,0.9355559505840922,search3
sgd,2,"(128, 64)",0.002,0.2,0.0001,256,0.7435550323719835,0.7688630719038508,0.7099977940045293,0.7245508982035929,0.6324993348913704,0.9084244543138212,search3
adamw,8,"(256, 128)",0.001,0.3,0.001,256,0.7915832842848735,0.7688351077488277,0.7487802049865021,0.7092946605141727,0.6779211901428537,0.9315693360556049,search3
adamw,8,"(256, 128)",0.005,0.2,0.001,512,0.8003531489111242,0.7688090805934914,0.7555648065905561,0.6835860250494397,0.6883372720326784,0.9323033949018944,search3
sgd,4,"(64, 32)",0.002,0.3,0.0001,256,0.7217775161859917,0.7687106311949637,0.6863975868992312,0.7005462909718229,0.6011352468253588,0.9015499018647706,search3
adam,4,"(256, 128)",0.002,0.2,0.001,512,0.7959387875220718,0.7686924555096999,0.747288816773194,0.6987475280158207,0.6808443944334275,0.9300659606225894,search3
adamw,8,"(128, 64)",0.0005,0.2,0.001,512,0.7623307828134197,0.7685251268688961,0.7211974616280364,0.7261357101782634,0.6505140748715977,0.9156994258781457,search3
adam,8,"(256, 128)",0.001,0.3,0.0001,512,0.7904649793996469,0.7684812189352973,0.7442187942610198,0.7132498352010547,0.6780062855820219,0.9282831771120379,search3
adam,8,"(64, 32)",0.0005,0.2,0.001,512,0.7513243084167157,0.7684318724445194,0.7152870596868249,0.7409430707303047,0.6365096342401817,0.9129156286807052,search3
adamw,8,"(128, 64)",0.0005,0.3,0.0001,512,0.7490876986462625,0.7684014664210993,0.710684692383369,0.723404255319149,0.638474097502616,0.9126039655368929,search3
rmsprop,8,"(128, 64)",0.005,0.2,0.0001,512,0.7875220718069452,0.7682106102671334,0.7457542741941467,0.7237969676994067,0.6860789536099606,0.9302392735234873,search3
adamw,4,"(256, 128)",0.001,0.3,0.0001,512,0.7871689228958211,0.7681953570292891,0.746286209031774,0.7237969676994067,0.6861332887191942,0.9269245529214422,search3
adam,8,"(256, 128)",0.002,0.2,0.0001,256,0.8023543260741612,0.7681630879730849,0.7559692951275591,0.6776532630191167,0.6868426508639122,0.9334489624930521,search3
adamw,4,"(64, 32)",0.0005,0.3,0.0001,512,0.7371394938198941,0.7680788573736034,0.7016415350086183,0.7121909143185738,0.6262114740645986,0.9060323252016955,search3
sgd,2,"(128, 64)",0.002,0.3,0.0001,256,0.7360211889346675,0.7679829929742329,0.7028888446849182,0.7163320417987554,0.6299559195599425,0.9036834006990434,search3
sgd,8,"(64, 32)",0.005,0.3,0.001,512,0.742731018246027,0.7679363934138642,0.7106642759098828,0.7233767758600446,0.6318243591287989,0.9067085163310612,search3
rmsprop,4,"(128, 64)",0.0005,0.2,0.001,256,0.7827545615067687,0.7679299921891115,0.7408691476581574,0.7343441001977588,0.6802459107348084,0.9243739836400815,search3
adam,4,"(128, 64)",0.0005,0.4,0.0001,512,0.7366686286050618,0.7678843491209723,0.7002156834335754,0.7155101561582717,0.6190538204797293,0.9085221745843408,search3
sgd,2,"(64, 32)",0.005,0.4,0.001,512,0.7309005297233667,0.7678298316712717,0.6974421516102717,0.7085828343313373,0.6075807963882184,0.9043055112061187,search3
adamw,8,"(128, 64)",0.0005,0.4,0.001,512,0.7371983519717481,0.7677491151172013,0.700167234993842,0.7061529614721104,0.6255255947760656,0.9053610529376598,search3
sgd,2,"(128, 64)",0.002,0.3,0.001,256,0.7359034726309593,0.767719186104827,0.702864199315013,0.713983797111659,0.6286865785174449,0.9040516791377446,search3
rmsprop,4,"(128, 64)",0.0005,0.3,0.0001,512,0.7533254855797528,0.7676689496783092,0.7150330573831726,0.7244105807935595,0.6474462529248238,0.9146869294545793,search3
adamw,4,"(256, 128)",0.001,0.3,0.001,512,0.7879340788699235,0.7676644905307487,0.74578789494824,0.7198417930125247,0.6880966931209195,0.926132907026155,search3
adam,4,"(64, 32)",0.0005,0.4,0.001,512,0.724014125956445,0.767626707578164,0.688707280112383,0.6939332949971247,0.6053125543012072,0.9026320732559509,search3
rmsprop,8,"(128, 64)",0.002,0.3,0.001,512,0.7673337257210123,0.7674527367369469,0.7244854860867794,0.69551466359977,0.6498356516246582,0.9212461135924075,search3
sgd,4,"(256, 128)",0.005,0.2,0.0001,256,0.7864037669217186,0.7674455884327541,0.7430403430699747,0.7244561634805537,0.6769841119353157,0.925559999410639,search3
adam,4,"(256, 128)",0.0005,0.3,0.0001,256,0.7826368452030606,0.767411482691902,0.7412292347822627,0.7330257086354647,0.6772135725901531,0.9260142797739128,search3
rmsprop,8,"(256, 128)",0.001,0.4,0.001,256,0.790641553855209,0.7674080541407031,0.748288941468692,0.7020435069215557,0.6797714738568652,0.9338182884458245,search3
adam,4,"(64, 32)",0.0005,0.3,0.0001,512,0.7361977633902296,0.76739996169497,0.7001733128254667,0.7113283496262219,0.624286627730102,0.9063588237495667,search3
rmsprop,8,"(128, 64)",0.0005,0.3,0.001,512,0.7585050029429076,0.7673732541539131,0.71993876324232,0.7252731454859115,0.6475218058584984,0.9159021998998352,search3
rmsprop,4,"(128, 64)",0.0005,0.3,0.001,512,0.7590935844614479,0.7673524030350046,0.7210435397966829,0.7392179413456009,0.6558973033867675,0.9173038637892436,search3
adamw,4,"(256, 128)",0.0005,0.4,0.001,512,0.7607416127133608,0.7673273676399753,0.7234395974254774,0.750431282346176,0.6516402055250883,0.916601387781444,search3
rmsprop,8,"(256, 128)",0.0005,0.4,0.0001,256,0.7776927604473219,0.7671534544353058,0.7353239976977414,0.7376400791034937,0.6652472057187641,0.9241288416843475,search3
sgd,4,"(64, 32)",0.002,0.3,0.001,256,0.72583872866392,0.7671509523229935,0.6902515160345081,0.7047153536515238,0.6077864041195569,0.9032717561287266,search3
rmsprop,2,"(128, 64)",0.0005,0.2,0.001,256,0.7865214832254267,0.7671006707478468,0.7438000439398472,0.7172050098879367,0.6766564270798052,0.9268813302357369,search3
sgd,2,"(64, 32)",0.005,0.4,0.0001,512,0.7265450264861684,0.7670541300590948,0.6930558036961525,0.7059997651755313,0.6036796613094878,0.9030222011106687,search3
rmsprop,8,"(256, 128)",0.001,0.4,0.0001,512,0.7849911712772218,0.7670305535548675,0.7439955645488977,0.7158866183256427,0.6745928000633186,0.9281367680514822,search3
adam,4,"(256, 128)",0.001,0.3,0.0001,256,0.7938787522071807,0.7669208194692528,0.7464768293461602,0.7013843111404087,0.6831316864701265,0.9316798428804919,search3
rmsprop,8,"(128, 64)",0.0005,0.4,0.0001,512,0.7395526780459094,0.7668927747602932,0.7026784474714983,0.7019838987924094,0.6307859471206085,0.9094492746259419,search3
sgd,2,"(128, 64)",0.005,0.3,0.0001,512,0.740847557386698,0.7668393344278822,0.7079609371826487,0.724433485969238,0.6340183154042798,0.9067415231652572,search3
rmsprop,2,"(128, 64)",0.0005,0.2,0.0001,256,0.7821071218363743,0.7668342136950937,0.7397362432639651,0.7264337508239948,0.6695739145115855,0.9248304601069042,search3
rmsprop,8,"(64, 32)",0.0005,0.2,0.001,512,0.7470276633313714,0.7668054873653446,0.7073686734658078,0.7078780908568143,0.6314763706845326,0.911885844318418,search3
adamw,4,"(256, 128)",0.002,0.2,0.001,256,0.7986462625073573,0.7667754919337105,0.7508324947499719,0.6855636123928807,0.6872336332796389,0.9288719365236541,search3
rmsprop,8,"(64, 32)",0.0005,0.3,0.0001,512,0.7439670394349618,0.7667662331712691,0.7079696921620081,0.7287234042553191,0.6313580694485951,0.9086930463060175,search3
adam,8,"(64, 32)",0.0005,0.3,0.001,512,0.7368452030606238,0.7667545967640123,0.7032201675409143,0.7173663024726854,0.622899109712184,0.9073601793169365,search3
adamw,2,"(256, 128)",0.002,0.2,0.0001,512,0.8008828722778105,0.7666626192636232,0.7530210243927744,0.6783124588002637,0.6939195174868364,0.9319299605405877,search3
adam,2,"(64, 32)",0.0005,0.4,0.001,512,0.7158917010005886,0.7666099571618337,0.6821124278889772,0.6858826912018401,0.5936959189075136,0.9010643627901184,search3
sgd,4,"(128, 64)",0.005,0.2,0.0001,512,0.7517363154796939,0.7665842752768629,0.7176654540071802,0.7384055418574615,0.638406276869457,0.911995503523919,search3
adamw,8,"(128, 64)",0.0005,0.2,0.0001,512,0.7622719246615657,0.7665735578980793,0.7213979020870357,0.7303047728579644,0.6510742745654553,0.9155127551144364,search3
adamw,4,"(256, 128)",0.0005,0.3,0.0001,256,0.7789287816362567,0.7665585482432634,0.7384385498606244,0.7396176664469347,0.6746442677612028,0.925589237934067,search3
adam,8,"(256, 128)",0.005,0.2,0.0001,512,0.8003531489111242,0.7665480881704955,0.754460447230294,0.6736980883322347,0.688284804607488,0.9326729673621502,search3
rmsprop,8,"(256, 128)",0.005,0.3,0.0001,256,0.7892878163625662,0.766512262527619,0.7420750891367974,0.7073170731707317,0.670932358246668,0.9298318404385935,search3
adamw,8,"(256, 128)",0.0005,0.4,0.001,512,0.7549735138316657,0.7663984105851432,0.7136119784190122,0.7300172512938471,0.6435779098387417,0.915372549040549,search3
adam,8,"(64, 32)",0.0005,0.2,0.0001,512,0.7462036492054149,0.7662619776039538,0.7089997324663947,0.7315986198964922,0.6292074927173089,0.9104594831989038,search3
sgd,8,"(256, 128)",0.005,0.3,0.001,512,0.7607416127133608,0.7662015471933961,0.7243677354426086,0.7542561934953622,0.6484941406771467,0.9148771290934192,search3
adamw,4,"(256, 128)",0.002,0.2,0.0001,512,0.7938787522071807,0.7661408067805505,0.749244620387168,0.6980883322346737,0.6838171362664436,0.9259984413689,search3
rmsprop,8,"(256, 128)",0.005,0.2,0.001,512,0.7675103001765744,0.7660178142305557,0.7184722844695676,0.7055779183438758,0.6484487061942853,0.9162387693041065,search3
adam,4,"(256, 128)",0.002,0.2,0.0001,512,0.7958210712183638,0.7659502694115846,0.7489365654155269,0.6901779828609097,0.6898204233530129,0.9275039895628634,search3
sgd,8,"(64, 32)",0.002,0.2,0.0001,256,0.7471453796350794,0.7659429502561975,0.7099017011879729,0.7360572971703652,0.6297154771987443,0.9084006898935929,search3
adamw,2,"(64, 32)",0.0005,0.4,0.0001,512,0.7150088287227782,0.765912564268339,0.6808185425028718,0.6870327774583094,0.5925237406296018,0.8994283607569963,search3
adamw,2,"(256, 128)",0.002,0.2,0.0001,256,0.8040612124779282,0.7658063893767645,0.7540166933816478,0.6664469347396177,0.6886279227859828,0.93435188255583,search3
adam,8,"(64, 32)",0.0005,0.4,0.001,512,0.7294290759270159,0.7657809809909347,0.6947127873719755,0.7052903967797585,0.616320032413139,0.9036239737025676,search3
sgd,8,"(128, 64)",0.005,0.4,0.001,512,0.7267216009417304,0.7657388456556323,0.692180193479066,0.7015526164462335,0.6135974226299794,0.9001260435368202,search3
rmsprop,2,"(128, 64)",0.005,0.2,0.001,256,0.7959387875220718,0.7657205758306741,0.7518388150057205,0.6947923533289387,0.6860368882213714,0.9367913506543767,search3
adamw,8,"(256, 128)",0.002,0.2,0.0001,256,0.7961153619776339,0.7657172577495247,0.7502187406027346,0.6868820039551747,0.6823798082406223,0.9298213416184282,search3
rmsprop,2,"(128, 64)",0.0005,0.2,0.001,512,0.7693349028840495,0.7656650640132986,0.7295964908471909,0.7567567567567568,0.6610361454867292,0.9175716176660772,search3
rmsprop,2,"(128, 64)",0.001,0.2,0.0001,512,0.7923484402589759,0.7656386690818971,0.7481154405755291,0.7000659195781147,0.6782569718281348,0.9292212691955024,search3
sgd,2,"(256, 128)",0.002,0.3,0.001,256,0.746380223660977,0.7655911629809738,0.7119398419155739,0.7278384407655277,0.6307489804789156,0.9083300232482315,search3
adam,2,"(64, 32)",0.0005,0.4,0.0001,512,0.714832254267216,0.7655267290260408,0.6806796015591638,0.6855951696377228,0.5918500331488197,0.8997336839956289,search3
adam,4,"(128, 64)",0.0005,0.2,0.001,512,0.7676280164802826,0.7654692752687032,0.7291543562288618,0.7603507763082231,0.6574555287630823,0.9202878723885698,search3
rmsprop,4,"(256, 128)",0.0005,0.4,0.0001,512,0.7636845203060624,0.7654675892624581,0.7254031709048364,0.7382116158711903,0.6547163725869842,0.9172965240076357,search3
adam,2,"(256, 128)",0.0005,0.2,0.001,256,0.7952913478516774,0.7654075631311125,0.7506333136267402,0.6882003955174687,0.6872747300156945,0.9290885218531396,search3
adamw,4,"(64, 32)",0.0005,0.3,0.001,512,0.7341965862271924,0.7653957634203041,0.6981263807837396,0.7091719378953422,0.6210674969376473,0.9057324646634602,search3
adam,4,"(256, 128)",0.001,0.3,0.0001,512,0.7900529723366686,0.7652798603028855,0.7473642374521464,0.7046802900461437,0.690064423018302,0.9276933345525888,search3
rmsprop,8,"(128, 64)",0.0005,0.2,0.001,512,0.7681577398469688,0.765274222213468,0.7280226149268687,0.74252443933295,0.6573124252780104,0.9180137527224174,search3
rmsprop,8,"(64, 32)",0.0005,0.4,0.0001,512,0.7290759270158917,0.7652590756032366,0.6934911629684978,0.7094594594594594,0.6129854958741068,0.904076127210708,search3
rmsprop,2,"(128, 64)",0.002,0.3,0.0001,512,0.7948793407886993,0.765253808034482,0.7522282046350419,0.6901779828609097,0.6877431762372327,0.934471675999801,search3
adamw,4,"(128, 64)",0.0005,0.2,0.0001,512,0.7655679811653914,0.765248358224453,0.7269831532053419,0.7643760782058654,0.6564505940611218,0.9173589067450377,search3
rmsprop,8,"(256, 128)",0.001,0.3,0.001,256,0.8002354326074161,0.7652226487562775,0.7545139831917304,0.6736980883322347,0.6853204937269761,0.9332293903915673,search3
rmsprop,4,"(128, 64)",0.0005,0.2,0.0001,256,0.7768687463213655,0.7651788637806467,0.7349601930007409,0.7382992748846408,0.6706768801695364,0.9222772026532936,search3
rmsprop,2,"(128, 64)",0.0005,0.2,0.0001,512,0.7663331371394938,0.7650473946784985,0.7281097784386623,0.7613711272247857,0.6583245264367094,0.9163332706048197,search3
sgd,2,"(256, 128)",0.002,0.2,0.001,256,0.7570335491465569,0.7650362754906408,0.7200638634604525,0.7501467652929436,0.640503739717804,0.9126996844429259,search3
rmsprop,8,"(256, 128)",0.0005,0.4,0.001,256,0.7840494408475573,0.7649771645453319,0.7409851045678995,0.7106130520764667,0.6667341258327983,0.9284581738280289,search3
rmsprop,4,"(256, 128)",0.005,0.4,0.0001,256,0.7961742201294879,0.7649599089863802,0.7514025608778464,0.6849044166117337,0.6896959230764026,0.9333941137970733,search3
rmsprop,4,"(128, 64)",0.001,0.2,0.001,512,0.7866980576809888,0.7649367717549831,0.7440207794973565,0.7092946605141727,0.6863416929912914,0.9262970631187065,search3
rmsprop,8,"(128, 64)",0.0005,0.2,0.0001,512,0.7646851088875809,0.7648797309223397,0.7245584628309573,0.7265669925244393,0.6525674019711475,0.9153881856135877,search3
adamw,2,"(64, 32)",0.0005,0.4,0.001,512,0.7131842260153031,0.7648409223136688,0.6789366319773876,0.683438757906843,0.5905130032692729,0.8993277685411064,search3
adamw,4,"(64, 32)",0.0005,0.4,0.001,512,0.7189523248969982,0.7647296578404874,0.6831697274177188,0.683870040253019,0.602291901235771,0.8996051592877778,search3
sgd,8,"(256, 128)",0.005,0.4,0.001,512,0.7450853443201884,0.7647147586557207,0.7101439579918957,0.7346483503581073,0.6340791478679897,0.907942649741679,search3
rmsprop,8,"(64, 32)",0.0005,0.2,0.0001,512,0.7454384932313125,0.7647129697270693,0.7056375452947389,0.7116158711903393,0.6302982510957078,0.9102165043994294,search3
adam,2,"(256, 128)",0.002,0.2,0.0001,512,0.8010005885815186,0.7646264569947654,0.7512315123329382,0.6704021094264997,0.6931832372018799,0.9328754741468047,search3
adam,4,"(256, 128)",0.002,0.2,0.0001,256,0.7994114184814597,0.764623120113123,0.7505826059775242,0.6750164798945286,0.6878750890143286,0.9286600210671251,search3
sgd,8,"(64, 32)",0.002,0.3,0.001,256,0.7353148911124191,0.7646199864689257,0.7023622895612139,0.7191499354232711,0.6227987986232694,0.9028765318265384,search3
sgd,2,"(256, 128)",0.002,0.4,0.001,256,0.7335491465567981,0.7645760985708887,0.6999413287285097,0.7074087119877891,0.6135308462616842,0.9018986352676727,search3
rmsprop,2,"(64, 32)",0.0005,0.4,0.001,512,0.724072984108299,0.7645518239782869,0.6886367671555872,0.6932144910868315,0.6030587303850701,0.9033843340475038,search3
adam,4,"(256, 128)",0.001,0.2,0.001,256,0.80364920541495,0.7645438108514216,0.7544875139232589,0.6657877389584707,0.6926239888613737,0.9298713000017355,search3
adam,4,"(128, 64)",0.0005,0.2,0.0001,512,0.7647439670394349,0.7645072117809691,0.7265347579163904,0.761213341000575,0.6541101377783199,0.9180831437940306,search3
rmsprop,4,"(128, 64)",0.0005,0.2,0.001,512,0.7667451442024721,0.7644732655012318,0.7272076511695872,0.7566129959746981,0.6644654058579854,0.9166942183844716,search3
adam,4,"(256, 128)",0.0005,0.3,0.001,512,0.7771041789287816,0.7643951250263763,0.7389615976938351,0.7323665128543178,0.6759557881243148,0.9229232105435665,search3
rmsprop,2,"(256, 128)",0.002,0.3,0.0001,256,0.7995879929370218,0.7643810042094611,0.7484771319351374,0.6704021094264997,0.6772101129180113,0.9339786357750892,search3
rmsprop,8,"(128, 64)",0.005,0.4,0.001,512,0.7695114773396116,0.7643607468842223,0.7294307093023814,0.7364864864864865,0.647005423413849,0.9233965939389851,search3
sgd,8,"(128, 64)",0.005,0.4,0.0001,512,0.7218363743378458,0.764268376220241,0.6854862837407798,0.6863139735480162,0.6051610373008968,0.8977489792429035,search3
adamw,8,"(64, 32)",0.0005,0.2,0.001,512,0.7457327839905827,0.7641956302517746,0.7080866659493229,0.7324611845888441,0.6295479205236372,0.9100922372301684,search3
adamw,4,"(256, 128)",0.005,0.2,0.001,512,0.7919952913478516,0.7641660315517096,0.7454663272775289,0.6954515491100857,0.6843317169259995,0.9293021114385347,search3
rmsprop,2,"(64, 32)",0.0005,0.4,0.0001,512,0.7227781047675103,0.7640042303930438,0.6864756719189948,0.6894767107533065,0.5999570465221752,0.9021201056229281,search3
sgd,4,"(128, 64)",0.005,0.3,0.001,512,0.7363743378457916,0.7639159273597896,0.7023535046009964,0.726279470960322,0.625463918565392,0.9057374264307106,search3
adam,4,"(64, 32)",0.0005,0.4,0.0001,512,0.7180694526191878,0.7637599966207197,0.6819138659993443,0.68056354226567,0.601684844336161,0.8996853947982792,search3
adam,8,"(256, 128)",0.0005,0.3,0.0001,256,0.7811653914067098,0.763688474742739,0.73829184649164,0.7172050098879367,0.666536706522806,0.926045512890974,search3
adam,8,"(64, 32)",0.0005,0.4,0.0001,512,0.7270158917010006,0.7635516726131858,0.6919222820058591,0.7009775733179988,0.6169933256437956,0.9021022267764701,search3
sgd,2,"(256, 128)",0.002,0.2,0.0001,256,0.7557975279576221,0.763500794637002,0.7192539925278506,0.7480333450745568,0.6408650869060071,0.9118356139648797,search3
rmsprop,4,"(256, 128)",0.005,0.3,0.0001,512,0.796409652736904,0.7633615045298136,0.7481251640705894,0.6921555702043507,0.6892408135393746,0.9301639337688687,search3
adam,8,"(256, 128)",0.001,0.2,0.001,256,0.7987639788110653,0.7632764843096309,0.7518116172176867,0.6664469347396177,0.6779898557626478,0.9289146923598071,search3
adamw,8,"(64, 32)",0.0005,0.4,0.0001,512,0.7266038846380224,0.7632639903528847,0.6909439285804323,0.7037090281771133,0.61265831923705,0.9019193801181838,search3
adamw,4,"(128, 64)",0.0005,0.2,0.001,512,0.7640376692171866,0.763217481227004,0.7247059203977657,0.7607119314436388,0.6510172673963928,0.917197974837364,search3
rmsprop,4,"(128, 64)",0.001,0.2,0.0001,512,0.7708063566804002,0.7631737503199439,0.7286324844692595,0.7354801610120759,0.6702063294786076,0.9195242251300498,search3
sgd,2,"(128, 64)",0.002,0.4,0.0001,256,0.7252501471453796,0.7631032501183831,0.6919819075381018,0.6964893741927909,0.6116586291337516,0.898661145812827,search3
sgd,2,"(128, 64)",0.005,0.4,0.0001,512,0.7307239552678045,0.763091070143591,0.6975162355463135,0.7079957731595632,0.6159306835958765,0.9005041972000988,search3
sgd,2,"(128, 64)",0.005,0.4,0.001,512,0.7283696291936433,0.7630729708953675,0.6938911177573689,0.7078783609252084,0.6099528738745782,0.9006288379963401,search3
rmsprop,4,"(256, 128)",0.0005,0.3,0.001,256,0.781518540317834,0.7630021922543904,0.7397527960513758,0.7185234014502307,0.6737915230955818,0.924662182594766,search3
adam,2,"(256, 128)",0.001,0.2,0.0001,256,0.8044732195409064,0.7629427348036467,0.7535076755113231,0.6532630191166776,0.6902030952319151,0.9309935089950798,search3
sgd,2,"(256, 128)",0.002,0.3,0.0001,256,0.744437904649794,0.7629388554523082,0.7090212249099929,0.7260772572502054,0.6277070148459981,0.9072938107454039,search3
adam,2,"(256, 128)",0.001,0.2,0.001,512,0.7998234255444379,0.7629357986568411,0.7519893831460277,0.6664469347396177,0.6861292298014435,0.9322332503034003,search3
adamw,4,"(256, 128)",0.005,0.2,0.0001,512,0.7858740435550323,0.7629160824289997,0.7374682045196174,0.7073170731707317,0.6714967149741355,0.9269537176838515,search3
adamw,8,"(64, 32)",0.0005,0.2,0.0001,512,0.7456739258387287,0.7628297590739233,0.707527434858891,0.7373490511788384,0.6287141805991604,0.9098121971741122,search3
adam,2,"(256, 128)",0.0005,0.2,0.001,512,0.7854031783402001,0.7627929291828209,0.7427815152320888,0.7033618984838497,0.6733359301577195,0.9254365074876651,search3
adam,2,"(256, 128)",0.001,0.2,0.001,256,0.8004708652148322,0.7627729217531846,0.7509172689656968,0.6657877389584707,0.678998612268267,0.9316762812282607,search3
sgd,8,"(256, 128)",0.005,0.3,0.0001,512,0.7550912301353737,0.7625996938745111,0.7177807337705518,0.7477985206058472,0.640645647725069,0.9121341271385889,search3
rmsprop,2,"(256, 128)",0.005,0.2,0.0001,256,0.7895232489699824,0.7625645136237371,0.7409932498051369,0.6987475280158207,0.6694309241808172,0.926417175225903,search3
adam,8,"(64, 32)",0.0005,0.3,0.0001,512,0.7344320188346086,0.7625376565021162,0.6991815768560349,0.7189476710753306,0.6184742244424708,0.9060136601586318,search3
adamw,4,"(64, 32)",0.0005,0.4,0.0001,512,0.7179517363154797,0.7625229543794502,0.6821292872392863,0.6822886716503738,0.6001053928760853,0.8995256659728538,search3
adam,8,"(256, 128)",0.0005,0.3,0.001,512,0.775927015891701,0.7623482151881623,0.7319964586161768,0.7277521423862887,0.6606482590590771,0.922141464481602,search3
rmsprop,8,"(128, 64)",0.001,0.2,0.001,512,0.7751030017657445,0.7623338156573709,0.7323861090860032,0.7356624917600527,0.6621733492778423,0.9256429234002493,search3
rmsprop,4,"(128, 64)",0.005,0.3,0.0001,512,0.7626250735726898,0.7623182071313801,0.7184528382290502,0.715928694652099,0.6569198510583392,0.9218070015762837,search3
rmsprop,2,"(256, 128)",0.005,0.4,0.0001,512,0.7806945261918776,0.7623016834193522,0.7391113982726171,0.7145682267633487,0.6716672338678492,0.9258112347132381,search3
rmsprop,4,"(128, 64)",0.001,0.2,0.0001,256,0.7892289582107122,0.7622102117482826,0.7445659859999986,0.6928147659854977,0.6793811794291311,0.9281522664404811,search3
adamw,8,"(64, 32)",0.0005,0.4,0.001,512,0.7244849911712772,0.7621997590859282,0.6892885198866975,0.6975273145485912,0.6115248277633931,0.9018586123817943,search3
adamw,2,"(256, 128)",0.002,0.2,0.001,512,0.8013537374926427,0.7621962779756871,0.7514949213992521,0.6605141727092947,0.6907380727669391,0.9311272435607264,search3
rmsprop,2,"(256, 128)",0.001,0.3,0.001,512,0.79635079458505,0.7620977960536792,0.7499334969148377,0.6717205009887937,0.6863471868544626,0.930065852416372,search3
rmsprop,2,"(256, 128)",0.002,0.2,0.001,256,0.8049440847557386,0.7620064850787934,0.7542783150842111,0.6506262359920897,0.6984947718478823,0.9297470607056164,search3
sgd,4,"(128, 64)",0.005,0.4,0.001,512,0.7236609770453207,0.7619823069587938,0.6895164924252937,0.7010684513326289,0.6084162355778121,0.8993159054662602,search3
adam,4,"(256, 128)",0.0005,0.3,0.0001,512,0.7688051795173632,0.7619051269558339,0.7316998013972057,0.7462096242584048,0.6653337772253054,0.9191390471570933,search3
adamw,4,"(256, 128)",0.0005,0.3,0.001,512,0.7690406121247793,0.7618986477845121,0.731568706890679,0.7455504284772577,0.665161645393405,0.9188650288865382,search3
adam,2,"(256, 128)",0.0005,0.2,0.0001,256,0.788816951147734,0.7618297634647303,0.7441891516437161,0.6914963744232037,0.6758082241838024,0.926421386028471,search3
rmsprop,4,"(256, 128)",0.005,0.4,0.0001,512,0.7901118304885226,0.7617230122076805,0.7472786856046291,0.6947923533289387,0.6833072991694806,0.9290511918673747,search3
rmsprop,4,"(128, 64)",0.005,0.2,0.0001,512,0.7840494408475573,0.7616748132331179,0.736881468888707,0.7106130520764667,0.6658762831246731,0.9233970361742999,search3
rmsprop,4,"(256, 128)",0.002,0.2,0.001,256,0.7954679223072395,0.7616599981702646,0.7492343482980542,0.6822676334871457,0.6873555238458604,0.9271368696145329,search3
sgd,8,"(256, 128)",0.005,0.4,0.0001,512,0.7421424367274868,0.7615727721170701,0.7072321422031361,0.7285429141716567,0.6313757601793247,0.9064235593660269,search3
adamw,2,"(256, 128)",0.0005,0.2,0.001,512,0.7802236609770453,0.761517063374824,0.7374731050275014,0.7125906394199077,0.6690544037859316,0.9224350556648457,search3
rmsprop,4,"(64, 32)",0.0005,0.4,0.0001,512,0.718481459682166,0.7614551226122613,0.6807433585995586,0.6679125934445084,0.6051663963827232,0.900903857424626,search3
sgd,8,"(64, 32)",0.002,0.3,0.0001,256,0.7327839905826957,0.7614182135395211,0.699153864001591,0.7183280497827874,0.6182748777069971,0.901951019958307,search3
sgd,8,"(64, 32)",0.005,0.3,0.0001,512,0.7403766921718659,0.7612741815912294,0.7073002373446267,0.7202066455324645,0.6262283766011234,0.9051032497272994,search3
adam,2,"(256, 128)",0.001,0.2,0.0001,512,0.794467333725721,0.7612664069698868,0.7462380887536435,0.6763348714568227,0.6784246854426936,0.9283462588273405,search3
adamw,2,"(256, 128)",0.0005,0.2,0.0001,256,0.7866980576809888,0.7612408982690185,0.7416496772793836,0.6954515491100857,0.673408339216782,0.9261735532758455,search3
sgd,4,"(128, 64)",0.005,0.3,0.0001,512,0.7348440258975868,0.7611088829919673,0.7020867390816022,0.7196195843606904,0.6255598050302755,0.9051753825800747,search3
rmsprop,4,"(128, 64)",0.002,0.2,0.0001,512,0.7792230723955268,0.7610762361419172,0.7353423888594537,0.7132498352010547,0.6781486269424887,0.9206620189617724,search3
rmsprop,2,"(128, 64)",0.002,0.2,0.0001,256,0.7910535609181871,0.7609659346107693,0.7465075280377437,0.6895187870797627,0.6717324497946977,0.9321034000169331,search3
adamw,2,"(256, 128)",0.001,0.2,0.0001,256,0.7998822836962919,0.7609571103181123,0.7512673921569353,0.6585365853658537,0.6817844328746956,0.9305987189503931,search3
rmsprop,2,"(256, 128)",0.001,0.3,0.0001,512,0.7987051206592113,0.7609164902750903,0.7502883833052518,0.6638101516150297,0.6838257230163213,0.9321558709372589,search3
sgd,4,"(256, 128)",0.005,0.3,0.001,512,0.7437904649793996,0.7608599213759875,0.7080824255648764,0.7344738355376653,0.6275461072308303,0.9074355164364878,search3
sgd,8,"(256, 128)",0.002,0.3,0.001,256,0.7480871100647439,0.7607851868094014,0.7126829240436625,0.7394622519666549,0.6381334703103079,0.9090141783841293,search3
sgd,2,"(128, 64)",0.002,0.4,0.001,256,0.7266627427898764,0.7607819716506583,0.6940498199305827,0.6969590231302102,0.6159223624109658,0.8990188657215551,search3
rmsprop,4,"(256, 128)",0.001,0.3,0.0001,256,0.7909358446144791,0.7607048808471172,0.7466228487357927,0.6862228081740277,0.6872740430050819,0.9277559254276352,search3
adamw,2,"(256, 128)",0.001,0.2,0.0001,512,0.7954090641553855,0.7606712659775282,0.7482600830124116,0.6704021094264997,0.6811406577043562,0.9292113490045076,search3
adam,4,"(256, 128)",0.001,0.2,0.001,512,0.7934667451442025,0.7606559524957688,0.748342678368695,0.6789716545814107,0.6853800325731738,0.9277150559267732,search3
adam,2,"(256, 128)",0.0005,0.2,0.0001,512,0.7810476751030018,0.7606465795580712,0.7376705532136651,0.7073170731707317,0.6695247432544742,0.9229424081339922,search3
rmsprop,8,"(256, 128)",0.0005,0.4,0.001,512,0.7712772218952325,0.7605787245995824,0.7310713072989713,0.7284113381674358,0.6553344928774341,0.920769308303122,search3
sgd,2,"(256, 128)",0.002,0.4,0.0001,256,0.729664508534432,0.7604653823288626,0.6960570732909814,0.7040037571914993,0.6093067434056044,0.9007376483200377,search3
adamw,8,"(64, 32)",0.0005,0.3,0.001,512,0.7326662742789877,0.7604303677145478,0.6965399560515291,0.7154974123059229,0.616724801248701,0.9051918182447544,search3
sgd,4,"(64, 32)",0.005,0.4,0.001,512,0.711183048852266,0.7604137950114547,0.6761235136155581,0.6830074755606671,0.5935019719459107,0.8986565462838717,search3
adamw,2,"(256, 128)",0.0005,0.2,0.001,256,0.7879340788699235,0.7603748611119077,0.7429988816501812,0.6882003955174687,0.6765139655349577,0.9262733592194756,search3
rmsprop,4,"(256, 128)",0.0005,0.3,0.0001,256,0.7786933490288405,0.7602178708209725,0.7366719700142177,0.7172050098879367,0.6718729825353409,0.9219527811047573,search3
sgd,2,"(64, 32)",0.001,0.3,0.001,256,0.7090052972336669,0.7601848659381781,0.6746507364601296,0.6881828637147787,0.580891913788355,0.8925477254496577,search3
adamw,4,"(256, 128)",0.002,0.2,0.001,512,0.7856386109476162,0.7600945292954053,0.7399831771704063,0.6974291364535267,0.675289932667083,0.9249768531540142,search3
rmsprop,2,"(256, 128)",0.002,0.3,0.001,512,0.7958799293702178,0.7600824849037299,0.7470824088370213,0.6684245220830587,0.6795050500105119,0.9307471352632627,search3
adam,4,"(256, 128)",0.0005,0.2,0.0001,256,0.7864626250735727,0.7600595083685162,0.7434153802622068,0.6934739617666447,0.6777286565226506,0.9243483403119986,search3
rmsprop,4,"(128, 64)",0.002,0.2,0.001,512,0.7779870512065921,0.7600380559082954,0.7306091419449784,0.7172050098879367,0.6706197844790726,0.9201563204463086,search3
adamw,4,"(256, 128)",0.0005,0.3,0.0001,512,0.7690406121247793,0.7598808220343317,0.7305670013764115,0.7376400791034937,0.6650291953897238,0.9189862098671631,search3
rmsprop,2,"(128, 64)",0.005,0.4,0.001,512,0.7693349028840495,0.7597558673715832,0.7341830982061368,0.6837262794709603,0.6607954690976798,0.923889836861008,search3
adamw,8,"(64, 32)",0.0005,0.3,0.0001,512,0.7320188346085933,0.7597314331806366,0.6956611287701685,0.7140598044853363,0.6150145882560456,0.9057562287654727,search3
rmsprop,2,"(128, 64)",0.005,0.2,0.001,512,0.7824014125956446,0.7597264606561133,0.7387598331898327,0.7124784358826912,0.6658308558290104,0.9266897270343265,search3
sgd,8,"(128, 64)",0.002,0.4,0.001,256,0.720306062389641,0.7597080837918525,0.6858158731625283,0.6933582518688902,0.6063953884163705,0.8968926865713018,search3
rmsprop,4,"(128, 64)",0.0005,0.2,0.0001,512,0.7618599175985874,0.7596856773095401,0.7219143909252281,0.7432432432432432,0.6610475810004008,0.9142079487800993,search3
sgd,8,"(256, 128)",0.002,0.4,0.001,256,0.7361389052383756,0.7594854970717123,0.7020956608046411,0.7232593636256898,0.627224136668384,0.9030954801706356,search3
sgd,4,"(256, 128)",0.005,0.3,0.0001,512,0.7414949970570924,0.7593648484079839,0.7058235828944838,0.7320299022426682,0.6249418775670168,0.906944127940048,search3
sgd,2,"(64, 32)",0.002,0.3,0.001,512,0.7136550912301354,0.7592762013394329,0.67958587590033,0.6936457734330075,0.5891192716736122,0.8928242924368407,search3
rmsprop,4,"(256, 128)",0.002,0.3,0.001,512,0.7931724543849323,0.7592191305906768,0.7478415617596402,0.6809492419248517,0.6893277245807186,0.9274557391396828,search3
sgd,4,"(64, 32)",0.005,0.4,0.0001,512,0.7106533254855798,0.7591585857304032,0.6754390756291525,0.6830074755606671,0.5901012414181672,0.8976894734503956,search3
sgd,8,"(256, 128)",0.005,0.2,0.001,256,0.7879929370217775,0.7590900178627132,0.7426624974725607,0.6802900461437047,0.6689457116822406,0.9286402272537427,search3
adamw,8,"(256, 128)",0.0005,0.3,0.001,512,0.7673337257210123,0.759024135171989,0.7243926793404295,0.7396176664469347,0.6513486137421972,0.9179814765484188,search3
adam,4,"(256, 128)",0.0005,0.2,0.001,256,0.7891112419070041,0.758983876729688,0.7448962171129269,0.6829268292682927,0.6822132846836719,0.9260057073568794,search3
adam,8,"(256, 128)",0.0005,0.3,0.0001,512,0.7682165979988228,0.7589201043599826,0.7244909730473337,0.7376400791034937,0.6533151288761259,0.9179673288964985,search3
rmsprop,4,"(256, 128)",0.002,0.4,0.001,512,0.7841671571512655,0.7588663289122165,0.7400214472178849,0.6980883322346737,0.6807802236650643,0.9254410384637767,search3
sgd,4,"(128, 64)",0.002,0.2,0.001,256,0.7422601530311949,0.7588328896968677,0.7052005097439281,0.7342961136550429,0.6233665456057274,0.9079028016291745,search3
adamw,2,"(256, 128)",0.0005,0.2,0.0001,512,0.7794585050029429,0.7588323599895498,0.7361389151638802,0.7046802900461437,0.6658928622757816,0.9226885440394713,search3
sgd,8,"(64, 32)",0.005,0.4,0.0001,512,0.7262507357268981,0.7588008603812552,0.6937344610003388,0.7051778795350475,0.6117733205214526,0.89971416469426,search3
sgd,8,"(256, 128)",0.002,0.3,0.0001,256,0.7456150676868746,0.7587061183850329,0.7098745983829929,0.738053305154397,0.6338106995688759,0.9080513539785331,search3
rmsprop,8,"(256, 128)",0.0005,0.3,0.0001,256,0.7809888169511477,0.7586878886311981,0.7389733789365357,0.6961107448912327,0.6682623533566596,0.9226361800188924,search3
adamw,8,"(256, 128)",0.0005,0.3,0.0001,512,0.7675691583284285,0.7586877530480814,0.7247591190094989,0.7382992748846408,0.6544291486620517,0.9182496431048324,search3
sgd,8,"(128, 64)",0.002,0.4,0.0001,256,0.7200706297822248,0.7586836929649975,0.6859090989278641,0.6939332949971247,0.6093100548394714,0.8954374579213279,search3
adamw,2,"(256, 128)",0.001,0.2,0.001,256,0.7991171277221896,0.7585885895052842,0.750848014880004,0.6506262359920897,0.6853115830990442,0.9304929658436203,search3
rmsprop,8,"(256, 128)",0.002,0.4,0.0001,512,0.7819305473808122,0.7585642683917547,0.7413429340746006,0.6921555702043507,0.671434121404993,0.9277422276452311,search3
sgd,8,"(64, 32)",0.005,0.4,0.001,512,0.7253678634490877,0.7584910050666593,0.6929236660890595,0.7020077492074674,0.6105971795803893,0.899049270592028,search3
rmsprop,8,"(256, 128)",0.001,0.4,0.001,512,0.7844614479105356,0.7584851461743728,0.7441959927836969,0.6855636123928807,0.6688071530700814,0.9279710476414073,search3
sgd,2,"(64, 32)",0.001,0.3,0.0001,256,0.7080635668040024,0.7584487517136642,0.6731882554105663,0.6877515813686026,0.5794452521692455,0.8919497774276527,search3
adam,8,"(256, 128)",0.001,0.2,0.0001,256,0.7948204826368452,0.7582275033964957,0.7514145111108336,0.6578773895847067,0.6802363277765786,0.9261533306918398,search3
sgd,4,"(64, 32)",0.002,0.4,0.0001,256,0.705532666274279,0.7580448172231424,0.6696566084127163,0.6791259344450834,0.5841960699052821,0.8947697226144373,search3
sgd,2,"(64, 32)",0.002,0.3,0.0001,512,0.7124190700412008,0.7579350353815313,0.6778595470288202,0.6910580793559516,0.5878410645569379,0.8922732005380309,search3
rmsprop,8,"(256, 128)",0.001,0.3,0.0001,256,0.7941730429664509,0.7579122611231538,0.7470696882170279,0.6591957811470006,0.6790906613674674,0.9282079183853599,search3
rmsprop,4,"(256, 128)",0.001,0.2,0.001,256,0.7959976456739258,0.7578569452700399,0.7493252238137078,0.6598549769281477,0.6865527050614986,0.9239374030669282,search3
rmsprop,2,"(256, 128)",0.0005,0.2,0.001,256,0.790759270158917,0.7578566163300294,0.7461528606148362,0.6710613052076466,0.6760010470361408,0.9218370215470321,search3
rmsprop,8,"(256, 128)",0.0005,0.3,0.001,256,0.7880517951736316,0.7578424904356088,0.7443797662119002,0.6750164798945286,0.6727252949354583,0.9266677912416141,search3
adamw,2,"(256, 128)",0.001,0.2,0.001,512,0.7896409652736904,0.7578315382565091,0.7439543750434687,0.6743572841133817,0.674666140228435,0.9272865870070713,search3
sgd,4,"(128, 64)",0.005,0.4,0.0001,512,0.7190700412007063,0.7577367822628394,0.6843401335768903,0.6963719619584361,0.601785918641562,0.8982660776310326,search3
sgd,8,"(64, 32)",0.002,0.4,0.001,256,0.7247792819305474,0.757620419562569,0.6930910952749968,0.7049430550663379,0.6117793332377114,0.8976693916353021,search3
sgd,4,"(128, 64)",0.002,0.3,0.001,256,0.7298410829899941,0.7575390363457655,0.6967810146909729,0.7059997651755313,0.615145684720529,0.9027932525531179,search3
sgd,4,"(128, 64)",0.002,0.2,0.0001,256,0.7416127133608005,0.7574417709666003,0.7045364002885667,0.7320652812023013,0.6223022600340511,0.9066300694239614,search3
adamw,8,"(256, 128)",0.001,0.2,0.001,512,0.788816951147734,0.7574417057824094,0.7431626824416426,0.6743572841133817,0.6741379919498407,0.9242048288355189,search3
rmsprop,4,"(256, 128)",0.001,0.3,0.001,512,0.7905826957033549,0.7572523020694414,0.7476679046866656,0.6717205009887937,0.681853754208238,0.9248682932552902,search3
rmsprop,8,"(256, 128)",0.0005,0.4,0.0001,512,0.762978222483814,0.7572159478170862,0.7240518052054359,0.7382992748846408,0.6478514057706622,0.9169934481923119,search3
sgd,8,"(256, 128)",0.002,0.4,0.0001,256,0.7341377280753384,0.7571464583135553,0.7000665405312336,0.7212633556416579,0.6257251041706668,0.9019790920073513,search3
rmsprop,2,"(256, 128)",0.005,0.3,0.0001,512,0.7802825191288993,0.7570775615058549,0.7367558256016689,0.6974291364535267,0.6700840354317014,0.9234905791606219,search3
rmsprop,2,"(128, 64)",0.005,0.3,0.0001,512,0.7768687463213655,0.756605801012348,0.734654488495503,0.7158866183256427,0.6563515071049624,0.9261046529311611,search3
sgd,4,"(64, 32)",0.002,0.4,0.001,256,0.7065332548557975,0.7565869332768239,0.6711533593938378,0.6798447383553766,0.5898922138439288,0.8960176239538153,search3
rmsprop,4,"(256, 128)",0.005,0.4,0.001,512,0.761153619776339,0.7565488404591815,0.7242289534700479,0.7455504284772577,0.6558928589687765,0.9184874154108403,search3
adam,8,"(256, 128)",0.002,0.2,0.0001,512,0.7922895821071219,0.756168024399564,0.7457990705572777,0.6591957811470006,0.6792091603955412,0.926253599552576,search3
sgd,2,"(128, 64)",0.002,0.2,0.001,512,0.7264861683343143,0.7560223226381523,0.6910719996618933,0.7106095457159287,0.6107849963899525,0.8975836821770118,search3
adamw,4,"(256, 128)",0.001,0.2,0.0001,256,0.7891701000588581,0.755951815163408,0.7421985251073355,0.6704021094264997,0.673701919718479,0.9260155074740061,search3
adam,4,"(256, 128)",0.001,0.2,0.0001,512,0.7860506180105945,0.7559414567779777,0.7410114275513243,0.6809492419248517,0.6721477947433069,0.9239157058362636,search3
sgd,4,"(128, 64)",0.002,0.3,0.0001,256,0.7261918775750441,0.7558809935694799,0.6912472944066482,0.706821650816015,0.6096007648261109,0.9011619625666588,search3
rmsprop,8,"(128, 64)",0.001,0.2,0.0001,512,0.7695114773396116,0.7557800386278934,0.7240312853650335,0.7264337508239948,0.6528509182134221,0.9200215457197572,search3
rmsprop,4,"(256, 128)",0.002,0.2,0.0001,256,0.7985874043555032,0.755712398434159,0.7488185595246435,0.6466710613052077,0.6858722535108301,0.9265177555357705,search3
rmsprop,8,"(128, 64)",0.002,0.2,0.001,512,0.763095938787522,0.7555557420235098,0.7210086271179299,0.7242668200115009,0.6440793497385422,0.9162416995291743,search3
rmsprop,8,"(256, 128)",0.002,0.3,0.0001,256,0.7939964685108888,0.7554487810792107,0.7475365883707418,0.6473302570863546,0.6804354552599117,0.9296649367270291,search3
rmsprop,8,"(256, 128)",0.002,0.4,0.001,512,0.7738081224249559,0.7554446168386516,0.7353384880838836,0.7000659195781147,0.6575705022664633,0.9285277130157917,search3
sgd,8,"(256, 128)",0.005,0.2,0.0001,256,0.7848734549735138,0.7553289044707595,0.73835565599602,0.6743572841133817,0.667510894947303,0.9267379628564573,search3
adamw,8,"(256, 128)",0.001,0.2,0.0001,512,0.7826368452030606,0.7552222059099813,0.738935838102166,0.6816084377059987,0.6705237783351605,0.9242309325210482,search3
sgd,4,"(256, 128)",0.005,0.2,0.001,512,0.7568569746909947,0.755156315671614,0.7174925156682885,0.7442495687176538,0.6411439569808912,0.9111155871200681,search3
sgd,2,"(128, 64)",0.002,0.2,0.0001,512,0.7251912889935256,0.7551086024908095,0.6894443552985159,0.7097469810235768,0.6082165400130142,0.8971997528834844,search3
adamw,8,"(256, 128)",0.002,0.2,0.0001,512,0.7909947027663331,0.7550210126412159,0.7445075234297245,0.6585365853658537,0.6738062634875316,0.9272033031346995,search3
rmsprop,2,"(256, 128)",0.002,0.2,0.0001,256,0.7970570924072984,0.7548875248876054,0.7478772343543455,0.6407382992748847,0.679121596507493,0.9266860303513166,search3
rmsprop,2,"(256, 128)",0.005,0.2,0.001,512,0.7866391995291347,0.7548501902650225,0.7383358877059276,0.6776532630191167,0.6708526068397627,0.9256714785415343,search3
sgd,8,"(128, 64)",0.001,0.2,0.001,256,0.7210123602118893,0.7548460648605181,0.6859144420009274,0.6799884991374353,0.6047752029793356,0.8958476693119709,search3
rmsprop,2,"(128, 64)",0.002,0.2,0.0001,512,0.7810476751030018,0.7547511484451244,0.7381270226783457,0.6941331575477917,0.667210707378871,0.9238091751839338,search3
adamw,4,"(256, 128)",0.001,0.2,0.001,256,0.7897586815773985,0.754621227295967,0.7410086788631669,0.6644693473961767,0.6755776985669475,0.9245089977639142,search3
sgd,2,"(128, 64)",0.001,0.3,0.001,256,0.7185991759858741,0.7544073655140541,0.6848021732990998,0.7013032758013386,0.6050975523843947,0.8936168893611951,search3
sgd,4,"(256, 128)",0.005,0.4,0.001,512,0.7333725721012361,0.7543552685248901,0.698379222455999,0.7180932253140777,0.6199381327179673,0.9018623954128597,search3
adamw,4,"(256, 128)",0.001,0.2,0.0001,512,0.7879340788699235,0.7540973986315698,0.7420969833443829,0.6697429136453527,0.67862341308183,0.9227647528796606,search3
sgd,2,"(128, 64)",0.001,0.2,0.001,256,0.7266627427898764,0.7540181758246894,0.6938245410707121,0.7092873077374663,0.6153400947105856,0.8978199277755025,search3
rmsprop,2,"(256, 128)",0.0005,0.2,0.0001,256,0.7863449087698646,0.7540144925748425,0.7409902239299001,0.6684245220830587,0.6691639375986724,0.9227561160419494,search3
adamw,4,"(256, 128)",0.0005,0.2,0.0001,256,0.7828134196586227,0.7538942933389547,0.7394696290469837,0.6809492419248517,0.673109971433699,0.921922916731983,search3
sgd,4,"(256, 128)",0.005,0.2,0.0001,512,0.7545026486168335,0.7537763512600523,0.7146685648728403,0.7413743530764807,0.6408852303333925,0.9098599516034476,search3
rmsprop,8,"(256, 128)",0.005,0.2,0.0001,256,0.7806945261918776,0.753756106559962,0.7339636386331309,0.6829268292682927,0.6628656572050383,0.9219292235536122,search3
adam,4,"(256, 128)",0.001,0.2,0.0001,256,0.7911124190700412,0.7536880018431004,0.7422421065917245,0.6565589980224127,0.6772721982588372,0.9265801120449493,search3
sgd,4,"(256, 128)",0.002,0.3,0.0001,256,0.7391995291347851,0.753628273088894,0.7023805205603294,0.7281483611270846,0.6286733392121262,0.904067742680048,search3
sgd,4,"(256, 128)",0.002,0.3,0.001,256,0.7410241318422601,0.7535861540839467,0.7036461052531132,0.7282921219091432,0.6299623078300548,0.9051090940922183,search3
adamw,4,"(256, 128)",0.0005,0.2,0.001,256,0.7825191288993526,0.7535718010740827,0.7379429048336891,0.6816084377059987,0.6724898537134738,0.9224285100636074,search3
sgd,8,"(256, 128)",0.005,0.2,0.0001,512,0.7638022366097704,0.7534669190251612,0.723912412068514,0.7251153592617007,0.6494600222780478,0.9160435931326196,search3
sgd,2,"(128, 64)",0.001,0.2,0.0001,256,0.7249558563861095,0.7533909352550223,0.6913080558258975,0.7105788423153693,0.6114999327999862,0.8972941082705054,search3
rmsprop,4,"(256, 128)",0.0005,0.3,0.001,512,0.7645673925838729,0.7533065479390236,0.7244523312690014,0.7284113381674358,0.6557959089839513,0.9169178383539144,search3
adamw,4,"(256, 128)",0.001,0.2,0.001,512,0.786992348440259,0.7532164974205403,0.7383660412440337,0.6697429136453527,0.6758545443534192,0.9237012193571362,search3
sgd,8,"(64, 32)",0.002,0.4,0.0001,256,0.7158917010005886,0.7531987721237262,0.6808117404288198,0.7017729247387577,0.5989114151382573,0.8948814091749183,search3
adamw,4,"(256, 128)",0.0005,0.2,0.001,512,0.7731606827545615,0.7530127078997682,0.7336013659977283,0.7013843111404087,0.6657954354075897,0.9176574796913378,search3
adam,8,"(256, 128)",0.0005,0.2,0.001,256,0.7882283696291936,0.7529021640206608,0.7420686793397059,0.6552406064601186,0.6677219082857464,0.9258109368107363,search3
adam,8,"(256, 128)",0.001,0.2,0.001,512,0.7890523837551501,0.7528380414403143,0.7439310285221833,0.6532630191166776,0.677103069670428,0.928094066263854,search3
rmsprop,4,"(256, 128)",0.002,0.3,0.0001,512,0.790876986462625,0.7528227945150442,0.7455693913886351,0.6545814106789717,0.6818556163584881,0.9264752999309808,search3
sgd,8,"(256, 128)",0.002,0.2,0.0001,256,0.7565038257798705,0.7526758800532264,0.718476580599158,0.7409360580092288,0.6438892929394902,0.9116582244017275,search3
sgd,2,"(128, 64)",0.002,0.3,0.001,512,0.7175985874043554,0.7526068575429606,0.6823483978118735,0.7041403105232893,0.6013038542427568,0.892961175491596,search3
rmsprop,4,"(256, 128)",0.0005,0.3,0.0001,512,0.7660977045320777,0.7525796554254337,0.7264769299252753,0.7218193803559657,0.6583029200275928,0.9164987551817817,search3
sgd,8,"(128, 64)",0.002,0.2,0.001,512,0.7135373749264273,0.7525449859442549,0.6752802299796921,0.6556929269695227,0.5963964219077914,0.8934164105002939,search3
sgd,2,"(128, 64)",0.001,0.3,0.0001,256,0.7186580341377281,0.7524462428737947,0.6844427888275133,0.7005988023952096,0.6034715859005031,0.8935075282853454,search3
adamw,8,"(256, 128)",0.001,0.2,0.001,256,0.7940553266627428,0.7524172430449044,0.7470751700332174,0.6407382992748847,0.6746613415922984,0.9252004344302732,search3
sgd,8,"(128, 64)",0.001,0.2,0.0001,256,0.7165391406709829,0.7523579549358267,0.6798888896345611,0.6702127659574468,0.5967666390174684,0.8949873822896169,search3
adam,8,"(256, 128)",0.0005,0.2,0.001,512,0.775927015891701,0.7523567899914173,0.7322194333533726,0.6895187870797627,0.6587967647245239,0.9205777807902895,search3
rmsprop,4,"(256, 128)",0.001,0.3,0.0001,512,0.7831077104178928,0.7523476996100326,0.7400143277249137,0.6769940672379697,0.6749386098508424,0.9228542928623451,search3
sgd,2,"(128, 64)",0.002,0.3,0.0001,512,0.7164802825191289,0.7523347674782953,0.6811231311623596,0.70299022426682,0.599643605388007,0.8922629665410801,search3
adamw,4,"(256, 128)",0.0005,0.2,0.0001,512,0.7732783990582696,0.7522895590171704,0.7332443874686393,0.6987475280158207,0.6660219665011986,0.9179130461300079,search3
rmsprop,2,"(256, 128)",0.002,0.3,0.0001,512,0.792525014714538,0.752253222467469,0.743008109705397,0.6479894528675016,0.6779069147206115,0.9253127900561644,search3
rmsprop,2,"(128, 64)",0.005,0.2,0.0001,512,0.7849323131253678,0.7519789542902267,0.7426502106942207,0.6756756756756757,0.6772322827753692,0.9283516821683335,search3
adamw,8,"(256, 128)",0.002,0.2,0.001,512,0.792525014714538,0.7519474836374357,0.7442440300312073,0.6446934739617667,0.6826518434924844,0.9268990882544791,search3
adamw,8,"(256, 128)",0.001,0.2,0.0001,256,0.7874632136550912,0.7518126174097298,0.7410257882060834,0.6539222148978246,0.6650275122940628,0.9246301978006691,search3
sgd,4,"(256, 128)",0.002,0.2,0.001,256,0.7507945850500294,0.7516806662190305,0.7132550807436835,0.7415181138585394,0.6396929541390881,0.9085754313482367,search3
rmsprop,8,"(256, 128)",0.0005,0.3,0.0001,512,0.7707474985285462,0.7515667339970777,0.730625928661889,0.6967699406723797,0.6531644100477392,0.9175674316065076,search3
sgd,4,"(256, 128)",0.002,0.2,0.0001,256,0.7487345497351383,0.7513867332751497,0.7100467491083089,0.7354801610120759,0.6342266093641082,0.907729502103145,search3
sgd,4,"(256, 128)",0.005,0.4,0.0001,512,0.729605650382578,0.7513624799531785,0.694861670067915,0.7148056827521427,0.6188358476318543,0.901118842321489,search3
rmsprop,4,"(256, 128)",0.001,0.2,0.0001,256,0.7875220718069452,0.7512100381464526,0.7413495203353153,0.6585365853658537,0.6766861825442114,0.9214884399961257,search3
rmsprop,2,"(128, 64)",0.002,0.2,0.001,512,0.7798705120659212,0.751011333129782,0.7375667530879523,0.6921555702043507,0.6610192415070314,0.9214217888208908,search3
sgd,8,"(256, 128)",0.005,0.2,0.001,512,0.7641553855208947,0.7507622872546585,0.7246038303049973,0.7125906394199077,0.6487298167822829,0.9166921470592109,search3
sgd,4,"(256, 128)",0.002,0.4,0.001,256,0.7280164802825191,0.7506856167862249,0.6922190306694528,0.7157449806269813,0.6153656989489804,0.8988998352310068,search3
rmsprop,4,"(256, 128)",0.002,0.4,0.0001,512,0.7877575044143614,0.7505992032711206,0.7406595013924105,0.6545814106789717,0.6785112297148417,0.926081351112805,search3
sgd,2,"(256, 128)",0.001,0.2,0.001,256,0.7317834020011772,0.7505731671958423,0.6950116004801944,0.7214981801103675,0.6100745643550891,0.8970985673868901,search3
rmsprop,8,"(256, 128)",0.0005,0.3,0.001,512,0.7768687463213655,0.7505392172108984,0.7341718045197713,0.6763348714568227,0.6614248925276451,0.9216417654657384,search3
adam,4,"(256, 128)",0.0005,0.2,0.0001,512,0.7749264273101825,0.7503981907341006,0.7338076709068032,0.6868820039551747,0.6700238591714389,0.9189309518989163,search3
sgd,4,"(256, 128)",0.002,0.4,0.0001,256,0.7253090052972336,0.7503975616723532,0.688367690140519,0.7153927439239168,0.6099660400476701,0.8988317754524863,search3
sgd,4,"(128, 64)",0.002,0.4,0.0001,256,0.7145968216597999,0.7501470194426721,0.6800744808203506,0.6940237172713397,0.6000668135774845,0.8953527425798589,search3
adam,8,"(256, 128)",0.001,0.2,0.0001,512,0.783343143025309,0.7499907837788199,0.7386303088769074,0.6591957811470006,0.6649171260666267,0.9221776520390006,search3
adamw,8,"(256, 128)",0.0005,0.2,0.0001,512,0.7719246615656269,0.7493627899543686,0.7272884263615405,0.6908371786420567,0.6556712082200775,0.9178742197515839,search3
sgd,8,"(256, 128)",0.002,0.2,0.001,256,0.7596821659799883,0.7491409262984402,0.7196142694668314,0.7185234014502307,0.6460941503713482,0.9130741027155711,search3
rmsprop,2,"(256, 128)",0.001,0.2,0.001,256,0.7878163625662155,0.7489432959289211,0.7383829804386813,0.6440342781806196,0.6754825121595254,0.922974130264544,search3
adam,8,"(256, 128)",0.0005,0.2,0.0001,256,0.7821659799882283,0.7488880076590124,0.7353715730011435,0.6598549769281477,0.6632819961893855,0.9209616604724848,search3
sgd,4,"(128, 64)",0.002,0.4,0.001,256,0.7158917010005886,0.74868172480864,0.6809297773081183,0.6955500763179523,0.6012471912013915,0.8960160130533316,search3
sgd,2,"(128, 64)",0.001,0.4,0.001,256,0.71124190700412,0.7485732397893484,0.6777108165888146,0.6900317013032758,0.5972979946814361,0.8896994743524926,search3
adam,8,"(256, 128)",0.0005,0.2,0.0001,512,0.7731018246027075,0.7485366610289175,0.7286671665643706,0.6835860250494397,0.6572483843811685,0.9172490520079934,search3
sgd,2,"(256, 128)",0.001,0.2,0.0001,256,0.7302530900529723,0.7484017646106395,0.6927490748370859,0.7200892332981097,0.6066195519913429,0.8966909796445806,search3
sgd,4,"(64, 32)",0.002,0.2,0.001,512,0.7126545026486168,0.7480935614065093,0.6752606101717286,0.6870327774583094,0.594315461795522,0.8905043750030611,search3
sgd,2,"(128, 64)",0.001,0.4,0.0001,256,0.711006474396704,0.7475488489624936,0.6772096370651758,0.6896794646002113,0.5958510335551368,0.8897299034860672,search3
adam,4,"(256, 128)",0.0005,0.2,0.001,512,0.7755738669805768,0.7472782918927626,0.733013703753258,0.6736980883322347,0.668605442815925,0.9209491997629956,search3
sgd,8,"(64, 32)",0.001,0.2,0.0001,256,0.7245438493231312,0.747176012271192,0.6913712569096747,0.7140598044853363,0.6166623468404044,0.8946186781078177,search3
sgd,2,"(256, 128)",0.002,0.2,0.001,512,0.7303708063566804,0.746779488468384,0.6926259157140914,0.7200892332981097,0.6063109535441056,0.8971826760387707,search3
sgd,4,"(256, 128)",0.002,0.2,0.0001,512,0.7303708063566804,0.7467503868149264,0.695633789886879,0.7205290396779759,0.6178974400068565,0.8984840762743128,search3
sgd,8,"(256, 128)",0.001,0.2,0.0001,256,0.7319599764567393,0.7464776100519662,0.694592852244534,0.7165037377803335,0.61975014858122,0.8977372047681585,search3
rmsprop,8,"(256, 128)",0.001,0.3,0.0001,512,0.775868157739847,0.7464063618103566,0.7309051563446153,0.6624917600527357,0.6567108268762729,0.9185977719616965,search3
rmsprop,4,"(256, 128)",0.0005,0.2,0.0001,256,0.7767510300176574,0.7462172104631287,0.7317462577619867,0.6690837178642056,0.6683256089208811,0.9175690841105802,search3
sgd,8,"(256, 128)",0.001,0.2,0.001,256,0.7323719835197174,0.7461834398376315,0.6947892486749258,0.7160724554341575,0.6208049143812084,0.898211912757564,search3
sgd,2,"(128, 64)",0.002,0.4,0.0001,512,0.7075927015891701,0.7460210072843104,0.672896250734271,0.6913232358811788,0.5907429305223365,0.8890416047528283,search3
sgd,8,"(128, 64)",0.001,0.3,0.001,256,0.7095938787522071,0.7459974595983571,0.6716877044040594,0.6594307073030478,0.5932053874151068,0.8903696732403373,search3
sgd,8,"(128, 64)",0.001,0.3,0.0001,256,0.7094173042966451,0.7459903790857226,0.6710404737896528,0.6582806210465785,0.5921825389517237,0.8898465739165095,search3
sgd,4,"(256, 128)",0.001,0.3,0.001,256,0.7228958210712184,0.7458205245918382,0.6887983159041041,0.7127659574468085,0.6124609406643978,0.8957451748732087,search3
sgd,8,"(64, 32)",0.001,0.3,0.0001,256,0.7170688640376692,0.7456439787692452,0.6840280366399769,0.6993962047153537,0.6099966611744414,0.8912523058221803,search3
sgd,2,"(256, 128)",0.002,0.2,0.0001,512,0.729723366686286,0.7454460043644292,0.6917432905305527,0.7193847598919807,0.60479085745337,0.8967729302473509,search3
sgd,8,"(64, 32)",0.001,0.2,0.001,256,0.7237786933490289,0.7453679329162011,0.6907172343656702,0.7134847613571018,0.6176270757204383,0.8949568513902179,search3
sgd,4,"(256, 128)",0.001,0.4,0.0001,256,0.7153031194820483,0.7450994684648352,0.6801790085698771,0.7008338125359402,0.6064188767909762,0.891471576058397,search3
sgd,4,"(64, 32)",0.001,0.2,0.001,256,0.7124779281930548,0.7447770527742335,0.6743200240506856,0.6937895342150662,0.5911925418097379,0.8909906309277674,search3
sgd,4,"(256, 128)",0.001,0.2,0.001,256,0.7294290759270159,0.7447370667332344,0.6935670098046556,0.7185163887291547,0.6122147696496931,0.8986518389242755,search3
rmsprop,8,"(256, 128)",0.002,0.2,0.001,256,0.7769276044732195,0.7447350970728374,0.7292151418341065,0.6572181938035596,0.6609703390215382,0.9194047745873452,search3
sgd,4,"(256, 128)",0.001,0.3,0.0001,256,0.7200706297822248,0.7446653991171264,0.6849350093251161,0.7068717653824037,0.606641382050521,0.8950728773095352,search3
rmsprop,4,"(256, 128)",0.005,0.2,0.0001,256,0.7862271924661566,0.7446215954782326,0.738169612897755,0.6361239288068556,0.674608522686992,0.9209035173996573,search3
sgd,8,"(256, 128)",0.002,0.2,0.0001,512,0.7317245438493232,0.7443559317513871,0.6939475114144743,0.7198102357676825,0.6180085252387613,0.8974857293239896,search3
sgd,8,"(64, 32)",0.002,0.2,0.001,512,0.7218363743378458,0.7441702565741249,0.6877644815572982,0.7061529614721104,0.6150742228693798,0.8948418180016077,search3
rmsprop,8,"(256, 128)",0.005,0.4,0.0001,512,0.7563272513243084,0.7441550322917841,0.7082021377236333,0.7165458141067897,0.6313072881398123,0.9129616412330877,search3
sgd,4,"(64, 32)",0.002,0.2,0.0001,512,0.7097704532077693,0.7441376836909773,0.6710567539732054,0.6802760207015526,0.5903112884676173,0.889739499540045,search3
sgd,8,"(128, 64)",0.002,0.3,0.0001,512,0.707474985285462,0.7440730777870108,0.6693175355207472,0.6598619896492237,0.5934063016663533,0.8883898838941455,search3
sgd,4,"(64, 32)",0.001,0.2,0.0001,256,0.7103001765744555,0.744003587048411,0.6719245654417997,0.6900517538815412,0.5874725992452179,0.8902134857800617,search3
adamw,8,"(256, 128)",0.0005,0.2,0.0001,256,0.7818128310771042,0.7439692617397587,0.7344868417210297,0.6407382992748847,0.6624849465547874,0.9214824273701397,search3
sgd,8,"(256, 128)",0.002,0.2,0.001,512,0.731606827545615,0.7438763989694456,0.6941625950738418,0.722110408280621,0.6188292798112549,0.8981683016956823,search3
adamw,8,"(256, 128)",0.0005,0.2,0.001,256,0.7803413772807534,0.7437971876898749,0.7333841494904642,0.6440342781806196,0.6570266256038766,0.9201445322960863,search3
sgd,4,"(128, 64)",0.001,0.2,0.001,256,0.7190700412007063,0.7437267025836004,0.6846911649467948,0.7083093732029903,0.60650407063157,0.8936704481152878,search3
sgd,2,"(256, 128)",0.002,0.3,0.001,512,0.7194231901118305,0.7436618179657576,0.6822635059606292,0.7093156986774009,0.5966076864282079,0.8918566352684079,search3
sgd,2,"(256, 128)",0.001,0.3,0.0001,256,0.7170688640376692,0.7436036497896903,0.6797118073082618,0.7044278320874066,0.594877230714522,0.8916222308047255,search3
sgd,2,"(128, 64)",0.002,0.4,0.001,512,0.7071806945261919,0.743571128367746,0.6717276468081789,0.6920277092873077,0.5902265139976868,0.8893403454313583,search3
sgd,4,"(256, 128)",0.002,0.4,0.001,512,0.7109476162448499,0.7434559256716097,0.6750984916043703,0.691776883266245,0.6005897995459525,0.8906386250238927,search3
sgd,4,"(256, 128)",0.001,0.2,0.0001,256,0.7286050618010594,0.7431934043716737,0.6932043510460616,0.7199539965497412,0.612419466222364,0.8985913640407034,search3
sgd,2,"(256, 128)",0.001,0.3,0.001,256,0.7170100058858152,0.7430578602283849,0.6796222211694743,0.7050028752156412,0.594373711708884,0.8919507807836015,search3
rmsprop,8,"(256, 128)",0.0005,0.2,0.0001,256,0.7776927604473219,0.74304930847426,0.7326496884879065,0.6479894528675016,0.6558778115342034,0.9162015648615873,search3
adamw,8,"(256, 128)",0.0005,0.2,0.001,512,0.7690406121247793,0.7429966113788523,0.7235395158601264,0.6750164798945286,0.6529851542903394,0.9164513543318517,search3
rmsprop,4,"(256, 128)",0.0005,0.2,0.001,512,0.772160094173043,0.7429438289264624,0.7295720227027699,0.6677653263019117,0.663698435617361,0.9136215432263245,search3
sgd,4,"(256, 128)",0.001,0.4,0.001,256,0.7131842260153031,0.7428676869302775,0.6768977042954786,0.6962334675100632,0.6025368732838844,0.8918681141719,search3
sgd,2,"(256, 128)",0.002,0.3,0.0001,512,0.7189523248969982,0.7427630208811794,0.681511225463581,0.7085968947671075,0.5954969195050711,0.8915849816249777,search3
sgd,8,"(128, 64)",0.002,0.2,0.0001,512,0.7104767510300176,0.7426163789578936,0.6708961277826111,0.6565554916618747,0.5944475485668457,0.8901764651118439,search3
sgd,4,"(256, 128)",0.002,0.3,0.001,512,0.7190111830488523,0.742107220990521,0.6836733024792828,0.7031339850488787,0.6114282882203683,0.8947010633840945,search3
rmsprop,8,"(256, 128)",0.001,0.2,0.0001,256,0.7895232489699824,0.7420481390007158,0.7398338975385621,0.6143704680290046,0.6729341558973063,0.9195693874527882,search3
sgd,4,"(128, 64)",0.001,0.2,0.0001,256,0.7177163037080636,0.7419987698670085,0.6828511377559838,0.7065842438182863,0.6037739463615381,0.8937733460748163,search3
sgd,8,"(256, 128)",0.002,0.3,0.001,512,0.7201883460859329,0.7419908419598956,0.6833459667107732,0.7061529614721104,0.6070949199439368,0.8940307893140851,search3
sgd,4,"(256, 128)",0.002,0.2,0.001,512,0.7291936433195998,0.7419467996782491,0.6931104186527036,0.7167912593444509,0.6175364416914424,0.8982791740175992,search3
rmsprop,8,"(256, 128)",0.0005,0.2,0.001,256,0.7806356680400235,0.7419234441141206,0.7339218179026276,0.6374423203691496,0.6607246389317587,0.9213574261051024,search3
sgd,8,"(256, 128)",0.002,0.3,0.0001,512,0.7200117716303708,0.74189099542401,0.6831440235521229,0.7064404830362278,0.6061020066828687,0.8939127131536665,search3
sgd,8,"(64, 32)",0.002,0.4,0.0001,512,0.7136550912301354,0.7417848818741896,0.6784630738209246,0.6940770557791834,0.6041724131182938,0.8873821524401638,search3
rmsprop,8,"(256, 128)",0.005,0.4,0.001,512,0.7379635079458505,0.7417829548922837,0.6982413303626221,0.69551466359977,0.6339384266096262,0.9089858819182627,search3
sgd,8,"(64, 32)",0.002,0.3,0.0001,512,0.7157151265450264,0.7416786490716077,0.6814274402301647,0.6965209890741806,0.6062930748809852,0.8909859296616203,search3
sgd,4,"(256, 128)",0.002,0.3,0.0001,512,0.7185403178340201,0.74151691584173,0.6828204638557503,0.7015526164462335,0.6098483697737708,0.8941130012645879,search3
sgd,8,"(64, 32)",0.002,0.3,0.001,512,0.7114773396115363,0.7414439601860146,0.6744987409056886,0.6855951696377228,0.5970381882766175,0.8900893370142203,search3
rmsprop,2,"(256, 128)",0.001,0.2,0.0001,256,0.7915832842848735,0.7414127508189057,0.740378929280466,0.6058009228740936,0.6699299532842626,0.9208078678849722,search3
sgd,4,"(256, 128)",0.002,0.4,0.0001,512,0.7119482048263684,0.7413234232274043,0.6761669376905269,0.6962334675100632,0.6039857148669968,0.8902157111191319,search3
rmsprop,4,"(256, 128)",0.0005,0.2,0.001,256,0.7779870512065921,0.7413028936380931,0.7313199271407441,0.6466710613052077,0.6667510531804105,0.9180853074012285,search3
sgd,8,"(64, 32)",0.002,0.4,0.001,512,0.7120659211300765,0.7411382125732692,0.6763621250254547,0.6919206440483037,0.5984886326548482,0.8877595255897175,search3
sgd,8,"(256, 128)",0.001,0.3,0.001,256,0.7192466156562684,0.7409556947809725,0.6817564199414688,0.7024151811385854,0.6054269362945164,0.8934941964921026,search3
rmsprop,4,"(256, 128)",0.001,0.2,0.0001,512,0.7824014125956446,0.7408321600357414,0.7386613091904449,0.6328279499011207,0.6753265152994624,0.9179086327833379,search3
sgd,8,"(64, 32)",0.002,0.2,0.0001,512,0.7164214243672749,0.7407913703765939,0.6802154182560497,0.6979585968947671,0.6066093574831366,0.8927602931226302,search3
sgd,4,"(128, 64)",0.002,0.2,0.001,512,0.7157151265450264,0.7407707389627155,0.6795198501287243,0.6993962047153537,0.594636318637107,0.8928155862439092,search3
rmsprop,2,"(256, 128)",0.0005,0.2,0.0001,512,0.7794585050029429,0.7407531583061898,0.7321057399839729,0.6361239288068556,0.6642561176971149,0.9186224132089477,search3
sgd,8,"(64, 32)",0.001,0.3,0.001,256,0.7155385520894644,0.7406094124821876,0.6812945062806598,0.6986774008050604,0.6092695431988844,0.8909419445289752,search3
sgd,4,"(128, 64)",0.002,0.2,0.0001,512,0.714773396115362,0.7405584265060923,0.6789756502821195,0.7002587694077056,0.5958431668640989,0.8917392445454123,search3
sgd,8,"(128, 64)",0.002,0.3,0.001,512,0.705532666274279,0.7402405918231801,0.6664936960468966,0.6566992524439333,0.5923405119904908,0.8876824973404912,search3
rmsprop,4,"(256, 128)",0.0005,0.2,0.0001,512,0.7667451442024721,0.7398959378940928,0.7221881090784518,0.6723796967699407,0.6531283133289438,0.9108837926621366,search3
sgd,4,"(128, 64)",0.001,0.3,0.001,256,0.7078869923484402,0.7398580017929676,0.6713659259292796,0.6868890166762507,0.5904529280421272,0.8894979283797273,search3
rmsprop,2,"(256, 128)",0.0005,0.2,0.001,512,0.7805768098881695,0.7397962181586119,0.7301024748203161,0.6295319709953856,0.6612693806221926,0.9186240053353179,search3
rmsprop,8,"(256, 128)",0.002,0.3,0.0001,512,0.7816951147733961,0.7394491399265514,0.731250456207447,0.6222808174027686,0.6543643647265606,0.9243981875950311,search3
sgd,4,"(128, 64)",0.002,0.3,0.0001,512,0.7085344320188346,0.7394217643504625,0.671156116538331,0.6815698677400805,0.5931510127719052,0.8885602925176324,search3
sgd,8,"(64, 32)",0.001,0.4,0.0001,256,0.7135373749264273,0.7387506773261805,0.6788702625239917,0.6959459459459459,0.6061373738839934,0.887653725956354,search3
sgd,4,"(128, 64)",0.002,0.3,0.001,512,0.7088287227781047,0.7387408273774373,0.6712268977420438,0.6820011500862565,0.5940683861806111,0.8890627654362705,search3
sgd,8,"(256, 128)",0.001,0.3,0.0001,256,0.7177163037080636,0.7387403779495965,0.6798528012427015,0.7005462909718229,0.602663098100245,0.8930689790968399,search3
sgd,4,"(128, 64)",0.001,0.3,0.0001,256,0.709299587992937,0.7385061133787771,0.672442899651675,0.6907705577918344,0.5917800702110654,0.8894852665039563,search3
sgd,2,"(128, 64)",0.001,0.2,0.001,512,0.705591524426133,0.7382811300760986,0.6674493021130795,0.6742380678550891,0.5863489956572739,0.8853572924255898,search3
sgd,2,"(128, 64)",0.001,0.2,0.0001,512,0.705414949970571,0.7379831233261465,0.6671276066276497,0.6742380678550891,0.5856289444077907,0.8851829958598832,search3
sgd,2,"(128, 64)",0.0005,0.2,0.001,256,0.7051795173631548,0.7379670992680939,0.6672278589895818,0.6765382403680276,0.5871632592568683,0.8853369486877924,search3
sgd,2,"(128, 64)",0.0005,0.2,0.0001,256,0.705356091818717,0.7377408881697232,0.6671866430490727,0.6768257619321449,0.5871230491663613,0.8851587004796192,search3
rmsprop,8,"(256, 128)",0.002,0.2,0.0001,256,0.777928193054738,0.7376672471880115,0.7286338494729971,0.6308503625576797,0.6595368609591055,0.9159197071454278,search3
rmsprop,4,"(128, 64)",0.005,0.2,0.001,512,0.7567981165391406,0.7376318885384,0.7169440808891157,0.6914963744232037,0.6386837084430399,0.9117905693730673,search3
rmsprop,8,"(256, 128)",0.001,0.3,0.001,512,0.7666274278987639,0.7375819721319509,0.7254624290079645,0.6506262359920897,0.643106722450381,0.9160797479323669,search3
sgd,2,"(64, 32)",0.002,0.4,0.001,512,0.6968805179517363,0.7375651897416087,0.6584040242084513,0.6627372052903968,0.5733632307027126,0.884687154254641,search3
sgd,8,"(256, 128)",0.001,0.4,0.001,256,0.7120659211300765,0.7375076643502764,0.6734633436137148,0.6975273145485912,0.5943316246972574,0.8891787454803358,search3
sgd,2,"(64, 32)",0.002,0.4,0.0001,512,0.696409652736904,0.7371379134099459,0.6578442151402255,0.6608683151236343,0.5734321674305325,0.8839043777199738,search3
sgd,8,"(128, 64)",0.001,0.2,0.0001,512,0.6999411418481459,0.7370560619648084,0.6587521445453554,0.6299597469810235,0.5869904149354486,0.8831985695722894,search3
sgd,8,"(256, 128)",0.001,0.4,0.0001,256,0.7108887580929959,0.7369543624139198,0.6719322139777187,0.6953709028177113,0.5918612443533567,0.8887005599567906,search3
sgd,4,"(128, 64)",0.002,0.4,0.001,512,0.7008240141259564,0.7367599458308453,0.6629976128384388,0.6657561817136285,0.5852084232109829,0.8851431035063108,search3
sgd,8,"(128, 64)",0.001,0.2,0.001,512,0.6993525603296057,0.7367135396273706,0.6579917663466873,0.6278033352501438,0.585952314639234,0.8834932899019282,search3
sgd,2,"(64, 32)",0.001,0.4,0.001,256,0.6949381989405533,0.7366573474242748,0.6564462224263703,0.660149511213341,0.5715923245837267,0.8840243465877062,search3
sgd,8,"(256, 128)",0.002,0.4,0.001,512,0.7101824602707475,0.7365588215887069,0.6721668036476149,0.6995399654974123,0.5921300118833641,0.8889369011962129,search3
sgd,8,"(64, 32)",0.001,0.4,0.001,256,0.713066509711595,0.7364510383629964,0.6782459597140288,0.6959459459459459,0.6087581497912091,0.8870644879498043,search3
sgd,4,"(128, 64)",0.001,0.4,0.001,256,0.7005885815185403,0.7361571317672516,0.6621917672824484,0.6732317423806785,0.5827447277351151,0.8852410490447178,search3
rmsprop,8,"(256, 128)",0.0005,0.2,0.0001,512,0.7696880517951736,0.7360249773391073,0.7248620146405559,0.6400791034937376,0.6491591774403561,0.9138386184119671,search3
sgd,8,"(128, 64)",0.002,0.4,0.001,512,0.6956444967628016,0.7358984896814241,0.6547459184872703,0.6341288096607246,0.581559618793948,0.8838768990296405,search3
sgd,4,"(256, 128)",0.0005,0.2,0.001,256,0.7106533254855798,0.7358657385366688,0.6730171860135788,0.6860264519838988,0.5961390521447321,0.8884402752226427,search3
sgd,8,"(128, 64)",0.002,0.4,0.0001,512,0.6941730429664509,0.7357928331070877,0.6532574517609494,0.6306785508913169,0.5800969260706106,0.8837013075876591,search3
sgd,2,"(64, 32)",0.001,0.4,0.0001,256,0.6938198940553266,0.735240210321383,0.6549314504163694,0.6579930994824612,0.5705689176646148,0.8832330344880807,search3
sgd,8,"(128, 64)",0.0005,0.2,0.0001,256,0.7003531489111242,0.7349559465944999,0.6582384680885625,0.6295284646348476,0.5880606504638021,0.8827975577050632,search3
sgd,4,"(256, 128)",0.0005,0.2,0.0001,256,0.7103590347263096,0.734784644599893,0.6723724928309741,0.6863139735480162,0.5952833387582704,0.8882649313388237,search3
rmsprop,8,"(256, 128)",0.005,0.3,0.0001,512,0.7627427898763979,0.7346459281135824,0.716186158227215,0.6539222148978246,0.6224374926718322,0.9150117534721817,search3
sgd,8,"(256, 128)",0.002,0.4,0.0001,512,0.7087698646262507,0.7344881970557814,0.6695980693869399,0.6958021851638873,0.5903294009944956,0.8883493856855361,search3
sgd,4,"(128, 64)",0.002,0.4,0.0001,512,0.6995879929370218,0.734387909874767,0.6608222614356634,0.6640310523289247,0.5830425318551657,0.8846421608285461,search3
sgd,8,"(64, 32)",0.001,0.2,0.0001,512,0.7128310771041789,0.7343227616383342,0.6759549315529041,0.6873202990224266,0.5966448195243159,0.8877315024656832,search3
sgd,8,"(128, 64)",0.0005,0.2,0.001,256,0.6998822836962919,0.7340659323591563,0.6577211861916255,0.628953421506613,0.587327816050743,0.8829375093635878,search3
sgd,8,"(64, 32)",0.001,0.2,0.001,512,0.7117716303708064,0.7339267801679923,0.6750006919268272,0.6864577343300747,0.5950152577577994,0.8879388931231388,search3
sgd,8,"(64, 32)",0.0005,0.2,0.001,256,0.713007651559741,0.7337743382240364,0.6779199854617621,0.6912018401380103,0.6016380837495781,0.8874427347445324,search3
sgd,4,"(256, 128)",0.001,0.2,0.0001,512,0.7082989994114185,0.7337721789119523,0.670053702167703,0.6832949971247844,0.5936190306210294,0.8880090495560431,search3
sgd,4,"(256, 128)",0.001,0.2,0.001,512,0.7085932901706886,0.7336505911841883,0.6703290591449326,0.6840138010350776,0.593495244276169,0.8882626125605274,search3
sgd,4,"(64, 32)",0.002,0.3,0.001,512,0.6948793407886993,0.7335491954602431,0.6542120918605586,0.6542553191489362,0.5747275587816215,0.8836140161987571,search3
rmsprop,4,"(256, 128)",0.005,0.2,0.001,512,0.7819894055326663,0.7333925305413417,0.7284100988133809,0.6235992089650626,0.6637466482429669,0.9166187359380932,search3
sgd,4,"(64, 32)",0.001,0.3,0.001,256,0.6952324896998234,0.7332724302481939,0.6544537998308466,0.6577055779183438,0.5729421813805551,0.8828464392393331,search3
rmsprop,8,"(256, 128)",0.0005,0.2,0.001,512,0.7673925838728664,0.7331027139447936,0.7223034736836585,0.6354647330257086,0.6425312883301337,0.912986674529765,search3
sgd,8,"(64, 32)",0.0005,0.2,0.0001,256,0.7125956444967628,0.7329410270986139,0.6773218489517191,0.6909143185738931,0.6009313221045225,0.8873090875646329,search3
rmsprop,2,"(256, 128)",0.002,0.2,0.001,512,0.774043555032372,0.7328138340793728,0.7219241016156169,0.6255767963085036,0.6470810577947478,0.9133741080279134,search3
sgd,8,"(128, 64)",0.001,0.4,0.0001,256,0.6955267804590936,0.7324855304037511,0.6545907036296136,0.6357101782633697,0.5813385488264313,0.8832477979417659,search3
sgd,4,"(64, 32)",0.001,0.3,0.0001,256,0.694585050029429,0.7323753355002162,0.6535179166774067,0.65598044853364,0.5719753310418396,0.8821406068419383,search3
sgd,2,"(256, 128)",0.002,0.4,0.001,512,0.7080635668040024,0.7321033634532433,0.6673755034516556,0.6910580793559516,0.5877013649383551,0.8864657351105171,search3
sgd,4,"(64, 32)",0.002,0.3,0.0001,512,0.6934667451442025,0.7318573256569817,0.6524752451267583,0.6508050603795285,0.5735591936005436,0.8829252984401497,search3
sgd,8,"(128, 64)",0.001,0.4,0.001,256,0.6954090641553855,0.731839123486352,0.6537999697877294,0.6352788959171938,0.5795589204354232,0.8837302520119117,search3
sgd,2,"(256, 128)",0.001,0.4,0.001,256,0.7061801059446733,0.7318115734910918,0.6656592686686182,0.6890454284071306,0.5854374268264595,0.886327498304362,search3
sgd,2,"(256, 128)",0.0005,0.2,0.001,256,0.7087698646262507,0.7315833035329055,0.6669602175002302,0.6837262794709603,0.583407416570749,0.8868765621696619,search3
sgd,2,"(256, 128)",0.0005,0.2,0.0001,256,0.7081224249558564,0.731434935395021,0.6663977648307267,0.6824324324324325,0.5834069403617395,0.8867684515935524,search3
rmsprop,8,"(256, 128)",0.001,0.2,0.001,256,0.7861683343143026,0.7311570291165604,0.7332421195707931,0.5767963085036256,0.6651833167486882,0.9150977768426986,search3
sgd,2,"(256, 128)",0.001,0.4,0.0001,256,0.7062389640965274,0.7311371156893886,0.665474639613059,0.6891891891891891,0.5862141617244145,0.8860690747383102,search3
sgd,2,"(256, 128)",0.001,0.2,0.001,512,0.7075927015891701,0.7311227676198001,0.66603033302136,0.680132259919494,0.5827970407269694,0.8870683230082368,search3
rmsprop,4,"(256, 128)",0.001,0.2,0.001,512,0.7730429664508535,0.7311198576602992,0.729444013453135,0.6137112722478576,0.6599444499487654,0.9136320488709008,search3
sgd,2,"(256, 128)",0.002,0.4,0.0001,512,0.707357268981754,0.7310567995720936,0.6664329401260037,0.6904830362277171,0.5871289239907114,0.8861922514107236,search3
sgd,4,"(128, 64)",0.001,0.4,0.0001,256,0.6987639788110653,0.7308653984782939,0.6589869584681541,0.6715066129959747,0.5798701973237408,0.8841112272125433,search3
sgd,2,"(256, 128)",0.001,0.2,0.0001,512,0.707474985285462,0.7306657380672329,0.6658382703135975,0.6798447383553766,0.5831793207086646,0.8869812039536661,search3
rmsprop,2,"(256, 128)",0.001,0.2,0.001,512,0.7899941141848146,0.7305622070464315,0.7326158617743049,0.5728411338167436,0.6691372499128994,0.924788687141968,search3
sgd,8,"(64, 32)",0.001,0.3,0.001,512,0.7066509711595056,0.7304361813045078,0.6687608597520946,0.6732317423806785,0.5928651956980026,0.8833314630000544,search3
sgd,8,"(256, 128)",0.001,0.2,0.0001,512,0.7078869923484402,0.7303929788696967,0.6675142010904253,0.6827199539965497,0.5883938725828375,0.8866907945160872,search3
sgd,8,"(256, 128)",0.001,0.2,0.001,512,0.7077104178928781,0.7302404352384034,0.6673158634262958,0.6821449108683151,0.5886685331737131,0.8868280128120242,search3
rmsprop,2,"(256, 128)",0.002,0.2,0.0001,512,0.7650971159505592,0.7301815427630558,0.7209613697786317,0.6321687541199736,0.6481228584709755,0.9085925360377868,search3
rmsprop,8,"(256, 128)",0.002,0.3,0.001,512,0.7716892289582107,0.7298036266451584,0.723607482003024,0.6097560975609756,0.6501899995000067,0.9108711025255554,search3
sgd,8,"(64, 32)",0.0005,0.3,0.001,256,0.7045320776927605,0.7295739555699473,0.6667126537069592,0.6703565267395054,0.5895798900831809,0.8829311102040855,search3
sgd,8,"(64, 32)",0.001,0.3,0.0001,512,0.7051795173631548,0.7292733061842909,0.6670658417676609,0.6702127659574468,0.5911814166617173,0.8830909982873324,search3
sgd,8,"(256, 128)",0.0005,0.2,0.001,256,0.7081812831077104,0.7291137159361424,0.6674932428487996,0.6792696952271421,0.5899382121817559,0.8866811787019664,search3
rmsprop,4,"(256, 128)",0.002,0.2,0.0001,512,0.7825191288993526,0.728728803564754,0.7322133524244278,0.5906394199077126,0.6650642156795172,0.9174547743314108,search3
rmsprop,4,"(256, 128)",0.002,0.2,0.001,512,0.7735726898175397,0.7284612379690699,0.7255201457620181,0.6104152933421226,0.6590307153155494,0.9071273871498599,search3
sgd,8,"(256, 128)",0.0005,0.2,0.0001,256,0.7078281341965862,0.7279583531909765,0.6667584346533948,0.6789821736630247,0.5890935549506107,0.8865396581956922,search3
sgd,8,"(64, 32)",0.0005,0.3,0.0001,256,0.7033549146556798,0.7275583318103425,0.6646129115534043,0.6679125934445084,0.5880206684410126,0.8827170068515983,search3
rmsprop,2,"(256, 128)",0.005,0.2,0.0001,512,0.7861683343143026,0.7269917741542032,0.7308057107105466,0.5741595253790376,0.6741378675656267,0.9208386220519763,search3
sgd,4,"(128, 64)",0.001,0.2,0.001,512,0.6989994114184814,0.7264313162287811,0.6570697559424108,0.6525301897642323,0.5809464704604755,0.8823923227051779,search3
sgd,4,"(128, 64)",0.0005,0.2,0.0001,256,0.6991171277221895,0.7263855389498239,0.6567767755072521,0.656411730879816,0.5786147611323582,0.8821145843217982,search3
sgd,4,"(128, 64)",0.0005,0.2,0.001,256,0.6994114184814597,0.7260921395556975,0.6569364904364329,0.6572742955721679,0.578641839453101,0.882263233394703,search3
sgd,4,"(128, 64)",0.001,0.2,0.0001,512,0.6984696880517952,0.7260088167318397,0.6566345731059312,0.6513801035077631,0.5804493517245053,0.8822628991994049,search3
rmsprop,8,"(256, 128)",0.002,0.2,0.001,512,0.7656268393172454,0.7254260968271634,0.7216798030389383,0.6104152933421226,0.6484290086613753,0.9090073705606979,search3
sgd,4,"(256, 128)",0.0005,0.3,0.001,256,0.7012948793407887,0.7251137381651865,0.6592550409639097,0.668056354226567,0.5877370454326163,0.8831431530132253,search3
sgd,4,"(256, 128)",0.001,0.3,0.001,512,0.6993525603296057,0.7247125479977062,0.6570997748047672,0.6648936170212766,0.5843268896220792,0.8830937003013277,search3
rmsprop,2,"(256, 128)",0.001,0.2,0.0001,512,0.7761035903472631,0.7246489264436337,0.7234349127530372,0.5873434410019776,0.6555271855643086,0.9159963488400122,search3
sgd,2,"(128, 64)",0.0005,0.3,0.001,256,0.6951147733961154,0.7243840008762863,0.6537091908806666,0.6612995974698103,0.5736485520750578,0.8798143713177895,search3
sgd,2,"(128, 64)",0.001,0.3,0.001,512,0.69635079458505,0.72437317673266,0.6545083537804461,0.6624496837262794,0.5760842639438934,0.8800748577671444,search3
rmsprop,4,"(256, 128)",0.005,0.3,0.001,512,0.7767510300176574,0.7241215387224263,0.7189672005834121,0.5919578114700066,0.6638447387885099,0.913936065472356,search3
sgd,2,"(128, 64)",0.001,0.3,0.0001,512,0.6961153619776339,0.7239657697773793,0.6540059262214972,0.6612995974698103,0.5757571439104743,0.8798102786752984,search3
sgd,4,"(256, 128)",0.001,0.3,0.0001,512,0.6989405532666274,0.7236810766582171,0.6563934088321736,0.6643185738930419,0.583878366335425,0.8828706469890145,search3
sgd,4,"(256, 128)",0.0005,0.3,0.0001,256,0.7007062978222484,0.7236300141078514,0.6582486337109574,0.6679125934445084,0.5861615724767375,0.8829428657441126,search3
sgd,2,"(128, 64)",0.0005,0.3,0.0001,256,0.6947027663331371,0.7233876609337355,0.6530559524665464,0.6612995974698103,0.5729554907285728,0.8795681783904049,search3
sgd,2,"(256, 128)",0.0005,0.3,0.001,256,0.7005885815185403,0.7231817674045189,0.6573483421604741,0.6677688326624497,0.5823279804454282,0.8826778526579556,search3
sgd,8,"(256, 128)",0.001,0.3,0.001,512,0.6995291347851678,0.723120626417668,0.6564698381186564,0.6664749856239218,0.5807789093544697,0.8822730883704142,search3
sgd,2,"(256, 128)",0.0005,0.3,0.0001,256,0.7003531489111242,0.7229988692110085,0.6570114901189219,0.6673375503162737,0.5818664903233898,0.8825697196106175,search3
rmsprop,8,"(256, 128)",0.005,0.2,0.0001,512,0.7642142436727487,0.7227648369703678,0.7136830708194903,0.6044825313117996,0.6306966315676448,0.9078636891896475,search3
rmsprop,8,"(256, 128)",0.005,0.3,0.001,512,0.7384932313125367,0.722568980434214,0.6862717950375359,0.6842452208305867,0.6153910262748952,0.9067459031684829,search3
sgd,8,"(256, 128)",0.001,0.3,0.0001,512,0.6983519717480872,0.7222149182993512,0.6551983104875448,0.6644623346751006,0.5797701787005409,0.8821394820526484,search3
sgd,2,"(64, 32)",0.001,0.2,0.0001,512,0.690759270158917,0.7221580369278228,0.6480096237926422,0.6338412880966072,0.5735795463493087,0.8795665682786767,search3
sgd,2,"(64, 32)",0.001,0.2,0.001,512,0.690759270158917,0.7219686595629907,0.6479448551183559,0.6336975273145485,0.5735072987989549,0.8797041608146173,search3
sgd,2,"(256, 128)",0.001,0.3,0.0001,512,0.7010005885815186,0.721865510041242,0.657841937739802,0.6683438757906843,0.5810018690124998,0.8829575025343095,search3
sgd,2,"(256, 128)",0.001,0.3,0.001,512,0.7009417304296645,0.7213372861784059,0.6577202709142923,0.6692064404830362,0.5803419070227243,0.8830470725725835,search3
sgd,2,"(64, 32)",0.0005,0.2,0.0001,256,0.6902295467922307,0.7210960503299327,0.6469932407308406,0.6370040253018976,0.5715031525327389,0.8791230199884766,search3
sgd,2,"(64, 32)",0.0005,0.2,0.001,256,0.6902295467922307,0.7208891072666316,0.6467851697134624,0.6365727429557216,0.571060023791587,0.8792976904064723,search3
rmsprop,8,"(256, 128)",0.001,0.2,0.0001,512,0.7636256621542084,0.7199302150240805,0.714016395810865,0.5972313777191826,0.6338976716613038,0.9061796570356379,search3
sgd,8,"(256, 128)",0.0005,0.3,0.001,256,0.6997645673925839,0.7198859491949676,0.6558634937657265,0.6641748131109834,0.5822166908007338,0.8824979512729619,search3
sgd,8,"(256, 128)",0.0005,0.3,0.0001,256,0.6995879929370218,0.7197246227144397,0.6555130104487797,0.66345600920069,0.5812233993498701,0.8823781978765887,search3
rmsprop,4,"(256, 128)",0.005,0.2,0.0001,512,0.7788699234844025,0.7191850349828784,0.7271248659569108,0.5550428477257745,0.6568639786099684,0.9092386479360766,search3
sgd,8,"(128, 64)",0.001,0.3,0.0001,512,0.6826957033549147,0.7177507438711427,0.6365736767225011,0.5933007475560667,0.5683253090230267,0.8759303280050381,search3
sgd,8,"(128, 64)",0.001,0.3,0.001,512,0.6823425544437904,0.7174632223070253,0.6362646951249484,0.5924381828637147,0.5681793547166166,0.8761669940496777,search3
rmsprop,8,"(256, 128)",0.001,0.2,0.001,512,0.7452030606238964,0.7167241749317106,0.7023946202726835,0.6367831245880027,0.6232652477242151,0.8966165102934474,search3
sgd,4,"(64, 32)",0.001,0.4,0.001,256,0.6805768098881695,0.7163539016944754,0.6361889253706755,0.6230592294422082,0.5626909267211827,0.8753875236008004,search3
sgd,8,"(128, 64)",0.0005,0.3,0.0001,256,0.6842848734549735,0.7155869465656162,0.6376789545662608,0.5967510063254744,0.5695656846563713,0.8759343073801057,search3
sgd,8,"(128, 64)",0.0005,0.3,0.001,256,0.6840494408475574,0.7155758600384687,0.6375146836526348,0.5961759631972398,0.5698061260328438,0.8760874144812884,search3
sgd,4,"(64, 32)",0.002,0.4,0.001,512,0.6800470865214833,0.715521361389261,0.635532577131259,0.6240655549166187,0.5607749748150203,0.8759025153743583,search3
sgd,4,"(64, 32)",0.001,0.4,0.0001,256,0.6794585050029429,0.7146194898065619,0.6346058008361344,0.6216216216216216,0.5597011568574157,0.8746948615878058,search3
rmsprop,8,"(256, 128)",0.002,0.2,0.0001,512,0.7595055915244261,0.714579950723266,0.709818884490108,0.5840474620962426,0.630626173756123,0.8974898641954988,search3
sgd,4,"(256, 128)",0.001,0.4,0.0001,512,0.6914655679811654,0.7138806721540579,0.6457660435029098,0.6532489936745256,0.576442452114224,0.8767860872059318,search3
sgd,4,"(256, 128)",0.001,0.4,0.001,512,0.6911124190700412,0.7136107162884099,0.6455775768692814,0.652673950546291,0.5764095758751675,0.8769571219013689,search3
sgd,4,"(64, 32)",0.002,0.4,0.0001,512,0.6793407886992349,0.7135630420808896,0.6343293470268726,0.6233467510063255,0.5598082307880949,0.8752485919763541,search3
sgd,8,"(256, 128)",0.001,0.4,0.001,512,0.690582695703355,0.7130465989911391,0.6453863034825464,0.6551178838412881,0.5735514669238178,0.8773546910450961,search3
sgd,4,"(256, 128)",0.0005,0.4,0.001,256,0.6929370217775161,0.712814933142464,0.646598119483602,0.6552616446233468,0.5760138355651938,0.8770729250458361,search3
sgd,4,"(128, 64)",0.001,0.3,0.001,512,0.6885815185403178,0.7125403774686333,0.6422226636652297,0.6272282921219091,0.5713291878955059,0.8763538489941611,search3
sgd,8,"(256, 128)",0.001,0.4,0.0001,512,0.6902884049440847,0.7124985057519208,0.6450593059827447,0.6552616446233468,0.5734063727403498,0.8772208565862368,search3
sgd,8,"(256, 128)",0.0005,0.2,0.001,512,0.6874632136550912,0.7123676518513024,0.6411496164429998,0.6365727429557216,0.5656284050819849,0.877248104933952,search3
sgd,8,"(256, 128)",0.0005,0.2,0.0001,512,0.6877575044143613,0.7122372812743042,0.6412710158129545,0.6371477860839563,0.5657379466117666,0.87720649190646,search3
sgd,4,"(256, 128)",0.0005,0.4,0.0001,256,0.6921130076515597,0.7120425006203709,0.6457972699680861,0.6545428407130535,0.5755126241751533,0.8769097443685864,search3
sgd,4,"(128, 64)",0.0005,0.3,0.001,256,0.6894643908181283,0.712020276104873,0.642975477604889,0.6357101782633697,0.5710291517142889,0.8761661881815591,search3
sgd,4,"(128, 64)",0.001,0.3,0.0001,512,0.6881695114773396,0.711887660858808,0.6416132218281203,0.6269407705577918,0.5704840940394418,0.8761802678561104,search3
sgd,8,"(256, 128)",0.0005,0.4,0.001,256,0.6903472630959387,0.711706025591838,0.6450251756999527,0.6505175388154112,0.5736684678079096,0.8773792977845277,search3
sgd,8,"(256, 128)",0.0005,0.4,0.0001,256,0.6903472630959387,0.7116708941948996,0.6449794794449518,0.6499424956871765,0.5737445938698169,0.8772708191246984,search3
sgd,4,"(128, 64)",0.0005,0.3,0.0001,256,0.688934667451442,0.7115977766079316,0.6424454249512147,0.6345600920069006,0.5710818562117996,0.8760183774069947,search3
sgd,4,"(256, 128)",0.0005,0.2,0.001,512,0.6878163625662154,0.7106763243805073,0.6413065947437182,0.6434732604945371,0.5630022908293455,0.8770348357393578,search3
sgd,2,"(256, 128)",0.001,0.4,0.001,512,0.6941141848145969,0.7103244768613686,0.6476451323067965,0.6578493387004025,0.5765021710490572,0.8782312318698645,search3
sgd,2,"(256, 128)",0.001,0.4,0.0001,512,0.6941141848145969,0.7103244768613686,0.6476851446400588,0.6578493387004025,0.5767653307437679,0.8781563851415527,search3
sgd,4,"(256, 128)",0.0005,0.2,0.0001,512,0.6872866391995291,0.7099102015508404,0.6406914139725192,0.6426106958021852,0.5626649005265607,0.8769888329064438,search3
sgd,4,"(64, 32)",0.001,0.2,0.001,512,0.6809888169511478,0.7090264204336526,0.6337296289393725,0.616877515813686,0.5595347360111986,0.8720963033038805,search3
sgd,2,"(256, 128)",0.0005,0.4,0.0001,256,0.6937610359034726,0.7089923649189348,0.646405508609697,0.6605807935595169,0.5728112035685925,0.8775629188897792,search3
sgd,2,"(256, 128)",0.0005,0.4,0.001,256,0.6936433195997646,0.7089140900960316,0.6463591724846485,0.6605807935595169,0.5726013727315531,0.8776543213589695,search3
sgd,8,"(64, 32)",0.001,0.4,0.001,512,0.6928781636256621,0.7086621908001159,0.6482513903063706,0.6529614721104082,0.5776600918670629,0.8747825292802843,search3
sgd,4,"(64, 32)",0.001,0.2,0.0001,512,0.6804590935844614,0.7086127037859459,0.6331845705939839,0.6158711903392754,0.5595004512357096,0.8719376869450807,search3
sgd,4,"(64, 32)",0.0005,0.2,0.001,256,0.6819305473808123,0.7085503940122492,0.6347376272475683,0.6224841863139735,0.559850666148717,0.8720801148323983,search3
sgd,2,"(256, 128)",0.0005,0.2,0.001,512,0.690759270158917,0.708255012332577,0.6423112960567341,0.6427544565842438,0.5663018987288553,0.8786570877459706,search3
sgd,2,"(256, 128)",0.0005,0.2,0.0001,512,0.6905238375515009,0.7082527086546643,0.6421826327652402,0.6423231742380678,0.5663312677918897,0.8786403946256381,search3
sgd,8,"(64, 32)",0.0005,0.4,0.001,256,0.6916421424367275,0.7081487970954193,0.6475594704785781,0.6520989074180563,0.5770242707761917,0.8746683797033795,search3
sgd,4,"(64, 32)",0.0005,0.2,0.0001,256,0.6814008240141259,0.7077667054841129,0.6341272215730015,0.6213341000575043,0.5598271197172079,0.8719637031510685,search3
sgd,2,"(64, 32)",0.001,0.3,0.0001,512,0.6804002354326074,0.707502627448474,0.6346775018768799,0.6190339275445659,0.5627370489302534,0.8741141973145611,search3
sgd,2,"(64, 32)",0.001,0.3,0.001,512,0.6806356680400235,0.7074785825786831,0.6348376054175725,0.6190339275445659,0.5627772670254934,0.8742418126082899,search3
sgd,2,"(64, 32)",0.0005,0.3,0.001,256,0.6800470865214833,0.7068753278699605,0.6343612020399158,0.6214778608395629,0.5630143886059903,0.8738968689447439,search3
sgd,2,"(64, 32)",0.0005,0.3,0.0001,256,0.6798705120659211,0.7067666984848403,0.6342419235703337,0.6216216216216216,0.5628211233094688,0.8737507677925844,search3
sgd,8,"(64, 32)",0.001,0.4,0.0001,512,0.6919952913478516,0.7067494880745177,0.6470684373661529,0.6519551466359977,0.5759542412304068,0.8744609126702968,search3
sgd,8,"(64, 32)",0.0005,0.4,0.0001,256,0.6915244261330195,0.7066696803939099,0.6469425649018511,0.6528177113283496,0.576485042947586,0.874412902655011,search3
sgd,8,"(128, 64)",0.001,0.4,0.001,512,0.6763390229546792,0.7057995004041006,0.6278105022457984,0.5851063829787234,0.5622882281599109,0.8706921190485665,search3
sgd,2,"(128, 64)",0.0005,0.4,0.001,256,0.6825779870512066,0.7054672874610276,0.6373011368557316,0.6388729154686601,0.5616973354462476,0.8737605393641402,search3
sgd,8,"(128, 64)",0.001,0.4,0.0001,512,0.6761035903472631,0.7054360076949928,0.6274969003602798,0.5846751006325475,0.5621545258917375,0.8705570562815462,search3
sgd,2,"(128, 64)",0.001,0.4,0.001,512,0.6819305473808123,0.7053150740048139,0.63621850030099,0.6345600920069006,0.560881930921564,0.8736244331473321,search3
sgd,2,"(128, 64)",0.0005,0.4,0.0001,256,0.6821659799882284,0.7051494113346933,0.6367895048652802,0.6381541115583669,0.5610464525590726,0.8735369819458301,search3
sgd,8,"(128, 64)",0.0005,0.2,0.0001,512,0.6769864626250736,0.7050597085567133,0.6271801240063549,0.577774583093732,0.560169607404214,0.8704351192059395,search3
sgd,2,"(128, 64)",0.001,0.4,0.0001,512,0.681518540317834,0.7049620664815411,0.6357878276000175,0.6332662449683726,0.5612000634465397,0.8734321595761892,search3
sgd,8,"(128, 64)",0.0005,0.2,0.001,512,0.6765744555620954,0.704957558342915,0.6269646085697514,0.5776308223116734,0.5597597178619602,0.8704580072030049,search3
sgd,8,"(128, 64)",0.0005,0.4,0.001,256,0.6769864626250736,0.7043702774661109,0.6287981926504358,0.5901380103507763,0.5638027984234439,0.8707030871354116,search3
sgd,8,"(128, 64)",0.0005,0.4,0.0001,256,0.6768098881695115,0.7037022988357293,0.628393546486992,0.5899942495687176,0.5633019295667756,0.8705914342967193,search3
sgd,4,"(256, 128)",0.0005,0.3,0.001,512,0.6818128310771042,0.7029154190268483,0.633570624368936,0.6349913743530765,0.5607413166217258,0.8727995069929393,search3
sgd,4,"(256, 128)",0.0005,0.3,0.0001,512,0.6818128310771042,0.7027611730589548,0.6335464144305073,0.6354226566992525,0.5604228080322814,0.8727690263758396,search3
sgd,8,"(256, 128)",0.0005,0.3,0.001,512,0.6822836962919364,0.7021361683756422,0.633642368541551,0.6348476135710178,0.5579402631551134,0.8733236422139234,search3
sgd,8,"(256, 128)",0.0005,0.3,0.0001,512,0.6819305473808123,0.701703183692866,0.6332949351719491,0.6345600920069006,0.5572099190483231,0.873304820040603,search3
sgd,8,"(64, 32)",0.0005,0.2,0.001,512,0.6879929370217776,0.7002072620953149,0.6381942625592811,0.629815986198965,0.568159239640158,0.8701122968867646,search3
sgd,8,"(64, 32)",0.0005,0.2,0.0001,512,0.6879340788699235,0.6999699644697966,0.6380906991223159,0.6295284646348476,0.5681602306558009,0.8700441973005494,search3
sgd,2,"(256, 128)",0.0005,0.3,0.001,512,0.6852854620364921,0.6991320723366842,0.6358396066606601,0.6387291546866015,0.563599029353546,0.87461929137365,search3
sgd,2,"(256, 128)",0.0005,0.3,0.0001,512,0.6854031783402001,0.6990561011916938,0.6359341776944644,0.6391604370327775,0.5634880673282696,0.8746110416576243,search3
sgd,2,"(128, 64)",0.0005,0.2,0.001,512,0.6765744555620954,0.6984984542830327,0.6282447433843069,0.6108395629672225,0.5559978420376667,0.8708685873732832,search3
sgd,2,"(128, 64)",0.0005,0.2,0.0001,512,0.6764567392583873,0.6984201794601295,0.6281131094001163,0.6108395629672225,0.5558336950129301,0.8708301952356764,search3
sgd,4,"(128, 64)",0.0005,0.2,0.001,512,0.6771630370806356,0.6973572437804236,0.6277318149847302,0.609401955146636,0.5539995281559194,0.8700776915027987,search3
sgd,4,"(128, 64)",0.0005,0.2,0.0001,512,0.6773984696880518,0.6973419817598673,0.6278776204044795,0.6095457159286947,0.5545675683090063,0.8700614309138285,search3
sgd,4,"(128, 64)",0.0005,0.4,0.0001,256,0.6772807533843437,0.6967235842833498,0.6291882622287549,0.624353076480736,0.5572353736523521,0.8699025024079393,search3
sgd,4,"(128, 64)",0.0005,0.4,0.001,256,0.6771630370806356,0.6966277437619773,0.6290390430661973,0.6240655549166187,0.5567512931481462,0.8700178755201766,search3
sgd,8,"(128, 64)",0.0005,0.3,0.001,512,0.6701000588581518,0.696416970475633,0.619033460966467,0.567423806785509,0.549786869818057,0.8662806162749203,search3
sgd,4,"(64, 32)",0.001,0.3,0.001,512,0.6722778104767511,0.696356110672796,0.622761869460906,0.6048016101207591,0.5518070859640907,0.866849488439163,search3
sgd,8,"(128, 64)",0.0005,0.3,0.0001,512,0.6699234844025898,0.6960926151779768,0.6187641971029887,0.5669925244393329,0.549716412912868,0.8662488306853819,search3
sgd,2,"(64, 32)",0.001,0.4,0.001,512,0.6744555620953502,0.6960048481646148,0.6264938261560165,0.6167337550316274,0.5586285982220891,0.8692571143862011,search3
sgd,4,"(128, 64)",0.001,0.4,0.0001,512,0.6741612713360801,0.6956999215982121,0.6261208494313012,0.6119896492236918,0.5542371721960289,0.8698776034230759,search3
sgd,4,"(64, 32)",0.001,0.3,0.0001,512,0.6719246615656268,0.6955707198080597,0.622262716691961,0.6046578493387004,0.5510434217789029,0.8666831307046596,search3
sgd,2,"(64, 32)",0.001,0.4,0.0001,512,0.6742789876397881,0.695363218081937,0.6261517175381126,0.6170212765957447,0.5584684600060932,0.8691570654552297,search3
sgd,4,"(128, 64)",0.001,0.4,0.001,512,0.6738081224249558,0.6952757197646703,0.6257035777478017,0.6118458884416331,0.5537114141859727,0.8699922605715028,search3
sgd,2,"(64, 32)",0.0005,0.2,0.001,512,0.6743967039434962,0.6951840371712829,0.6253703036626777,0.6039390454284072,0.5591003733436029,0.8680823307997493,search3
sgd,4,"(64, 32)",0.0005,0.3,0.001,256,0.6726898175397292,0.694973435833972,0.6228686613679747,0.6072455434157562,0.5517336569715832,0.8666376920724091,search3
sgd,2,"(64, 32)",0.0005,0.2,0.0001,512,0.673984696880518,0.6948837267434177,0.6250350242475936,0.6035077630822312,0.5587391879721697,0.8680642469928023,search3
sgd,8,"(256, 128)",0.0005,0.4,0.001,512,0.6793407886992349,0.6942712836711799,0.6298040535484297,0.6416043703277746,0.5549556050075304,0.8693503190056134,search3
sgd,8,"(256, 128)",0.0005,0.4,0.0001,512,0.6791053560918188,0.6941147340253734,0.6296176341669609,0.6416043703277746,0.554579170337355,0.8693403063628908,search3
sgd,4,"(64, 32)",0.0005,0.3,0.0001,256,0.6722778104767511,0.6939507473437172,0.6222473682091492,0.6068142610695803,0.5514978931253556,0.8665018477816634,search3
sgd,2,"(64, 32)",0.0005,0.4,0.001,256,0.6733372572101236,0.6938955268653667,0.6250496988220561,0.6180276020701553,0.5564611540586333,0.8689171908874473,search3
sgd,2,"(64, 32)",0.0005,0.4,0.0001,256,0.6729841082989995,0.6936694852458917,0.6248348996436184,0.618171362852214,0.5559990741425241,0.8687953239054987,search3
sgd,4,"(256, 128)",0.0005,0.4,0.001,512,0.675809299587993,0.69262509824225,0.6263357199438625,0.6324036802760207,0.5530016316353059,0.8683350589151271,search3
sgd,4,"(256, 128)",0.0005,0.4,0.0001,512,0.675927015891701,0.6925315613987904,0.6263808336687865,0.6325474410580794,0.5533253957919257,0.8683188401095401,search3
sgd,2,"(128, 64)",0.0005,0.3,0.001,512,0.6716303708063567,0.6909655640516822,0.623013456261834,0.6063829787234043,0.5514694162183702,0.8673232241201233,search3
sgd,2,"(128, 64)",0.0005,0.3,0.0001,512,0.6716303708063567,0.690947998353213,0.6229651814707056,0.6060954571592869,0.551571983112913,0.8673035846737882,search3
sgd,8,"(64, 32)",0.0005,0.3,0.001,512,0.683343143025309,0.68993060268201,0.6330808261088198,0.6334100057504313,0.5625558368095713,0.8655435960309266,search3
sgd,2,"(64, 32)",0.0005,0.3,0.001,512,0.6718658034137728,0.6899018663344799,0.622711639743941,0.6071017826336975,0.5561401383537957,0.864523233128827,search3
sgd,8,"(64, 32)",0.0005,0.3,0.0001,512,0.6831665685697469,0.6896413787812924,0.6329149905760799,0.63355376653249,0.5622269330555686,0.8654944381193063,search3
sgd,2,"(64, 32)",0.0005,0.3,0.0001,512,0.6718658034137728,0.6895494601525197,0.6225469165922227,0.6072455434157562,0.5557547234508036,0.8645100809237204,search3
sgd,4,"(128, 64)",0.0005,0.3,0.0001,512,0.6701000588581518,0.6893672310918803,0.620915413154409,0.6027889591719379,0.546249650160967,0.8660582366342574,search3
sgd,4,"(128, 64)",0.0005,0.3,0.001,512,0.6698646262507357,0.6890564354781804,0.6206795148427094,0.6032202415181138,0.545643832681706,0.8660733674802682,search3
sgd,2,"(256, 128)",0.0005,0.4,0.001,512,0.6801059446733373,0.687384477729792,0.6291832018971747,0.6417481311098332,0.5575479430737842,0.8704509009555302,search3
sgd,2,"(256, 128)",0.0005,0.4,0.0001,512,0.6800470865214833,0.6873277746198713,0.6291448092163375,0.6414606095457159,0.5576319504349339,0.8704540146986735,search3
sgd,4,"(64, 32)",0.0005,0.2,0.001,512,0.6668628605061802,0.6863616448737089,0.6151647124618873,0.5947383553766532,0.5394723045435073,0.8608216896290029,search3
sgd,4,"(64, 32)",0.0005,0.2,0.0001,512,0.6669217186580342,0.6862465363172671,0.6152094270060146,0.5951696377228292,0.5391305205458915,0.8607819663575267,search3
sgd,8,"(128, 64)",0.0005,0.4,0.001,512,0.6643319599764568,0.6860751640609641,0.6133612231909612,0.570299022426682,0.5444137874665572,0.8625243207025225,search3
sgd,8,"(128, 64)",0.0005,0.4,0.0001,512,0.6643319599764568,0.6860575983624949,0.6133410287791129,0.5700115008625647,0.5442688415185144,0.862499840525495,search3
sgd,4,"(64, 32)",0.001,0.4,0.001,512,0.6665097115950559,0.6845080681887059,0.6162760971237585,0.6066705002875216,0.5454385832133,0.8630828364842098,search3
sgd,2,"(128, 64)",0.0005,0.4,0.0001,512,0.6701589170100059,0.6844139551170009,0.6210773875848342,0.612708453133985,0.5495287672452429,0.8642063828573031,search3
sgd,2,"(128, 64)",0.0005,0.4,0.001,512,0.6700412007062978,0.6843268974448632,0.6209530356525629,0.6125646923519263,0.5498371490910081,0.8642210187780829,search3
sgd,8,"(64, 32)",0.0005,0.4,0.001,512,0.6829899941141848,0.6837603233211388,0.6325407297984075,0.6456296722254169,0.5618217736965447,0.8609776411540064,search3
sgd,4,"(64, 32)",0.001,0.4,0.0001,512,0.6659211300765155,0.6833328360671581,0.6154619299277488,0.605664174813111,0.5451360055678697,0.8629755537406568,search3
sgd,8,"(64, 32)",0.0005,0.4,0.0001,512,0.6828722778104768,0.6833296423162754,0.632284757554383,0.6457734330074756,0.5612426473836554,0.8609351999384133,search3
sgd,2,"(64, 32)",0.0005,0.4,0.0001,512,0.6698646262507357,0.6828789061257791,0.6199722040846684,0.6144335825186888,0.5547781568687209,0.8609746875629042,search3
sgd,2,"(64, 32)",0.0005,0.4,0.001,512,0.6698057680988817,0.6828134201666236,0.6198094910842155,0.6140023001725129,0.5544907068647955,0.860983265114032,search3
sgd,4,"(64, 32)",0.0005,0.4,0.001,256,0.6642731018246028,0.6822067946804798,0.6138589359754184,0.6022139160437032,0.5456088977871199,0.8623799689126979,search3
sgd,4,"(64, 32)",0.0005,0.4,0.0001,256,0.6646851088875809,0.6821722646248539,0.6140498075477486,0.6030764807360552,0.5454020106449906,0.862227328104607,search3
sgd,4,"(128, 64)",0.0005,0.4,0.001,512,0.6653325485579753,0.6803165273926978,0.6156854269329739,0.6040828062104658,0.5406453448580238,0.8622399082267526,search3
sgd,4,"(128, 64)",0.0005,0.4,0.0001,512,0.6651559741024132,0.6798291432779134,0.6154069955785167,0.6039390454284072,0.5400025519365406,0.8622140232333452,search3
sgd,4,"(64, 32)",0.0005,0.3,0.001,512,0.6613890523837551,0.67619026918117,0.6093189976554272,0.5912880966072456,0.5391540964447588,0.8577720774527338,search3
sgd,4,"(64, 32)",0.0005,0.3,0.0001,512,0.661153619776339,0.6759985881384251,0.6090625796617223,0.5907130534790109,0.5389534441611192,0.8577413988962505,search3
sgd,4,"(64, 32)",0.0005,0.4,0.001,512,0.6585638610947616,0.6665186685005255,0.606128743749755,0.5967510063254744,0.5439303729465287,0.8541230894959014,search3
sgd,4,"(64, 32)",0.0005,0.4,0.0001,512,0.6585638610947616,0.6665186685005255,0.6061598578975372,0.5967510063254744,0.5445165463079662,0.854086100801483,search3
